substrate_id,family_id,pathway_id,atom_map_id,site_id,site_type,is_target_site,rule_estimated_bde,rule_bde_class,reference_xtb_bde,xtb_within_substrate_rank,rule_bde_confidence
1a,diaryl-ethyl-parent,aryl,10,1a-c10-benzylic,benzylic,False,85.0,very_low,112.98061597162733,2,high
1a,diaryl-ethyl-parent,aryl,11,1a-c11-benzylic,benzylic,True,85.0,very_low,110.97072741227629,1,high
1b,diaryl-ethyl-aryl-substituted,aryl,1,1b-c1-benzylic,benzylic,False,85.0,very_low,113.74427969903465,3,high
1b,diaryl-ethyl-aryl-substituted,aryl,8,1b-c8-benzylic,benzylic,True,85.0,very_low,111.18328212449222,1,high
1b,diaryl-ethyl-aryl-substituted,aryl,9,1b-c9-benzylic,benzylic,False,85.0,very_low,111.92515852718284,2,high
1c,diaryl-ethyl-aryl-substituted,aryl,1,1c-c1-benzylic,benzylic,False,85.0,very_low,113.94660464513125,3,high
1c,diaryl-ethyl-aryl-substituted,aryl,7,1c-c7-benzylic,benzylic,True,85.0,very_low,110.3465136136396,2,high
1c,diaryl-ethyl-aryl-substituted,aryl,8,1c-c8-benzylic,benzylic,False,85.0,very_low,108.65603863407273,1,high
1d,diaryl-ethyl-aryl-substituted,aryl,7,1d-c7-benzylic,benzylic,True,85.0,very_low,110.69436256121926,2,high
1d,diaryl-ethyl-aryl-substituted,aryl,8,1d-c8-benzylic,benzylic,False,85.0,very_low,109.93959800123112,1,high
1e,diaryl-ethyl-aryl-substituted,aryl,10,1e-c10-benzylic,benzylic,False,85.0,very_low,109.52328336931222,1,high
1e,diaryl-ethyl-aryl-substituted,aryl,11,1e-c11-benzylic,benzylic,True,85.0,very_low,110.46471213086618,2,high
1f,diaryl-ethyl-aryl-substituted,aryl,10,1f-c10-benzylic,benzylic,False,85.0,very_low,113.04192321174334,2,high
1f,diaryl-ethyl-aryl-substituted,aryl,11,1f-c11-benzylic,benzylic,True,85.0,very_low,111.23893898943543,1,high
1g,diaryl-ethyl-aryl-substituted,aryl,10,1g-c10-benzylic,benzylic,False,85.0,very_low,113.07153614373722,2,high
1g,diaryl-ethyl-aryl-substituted,aryl,11,1g-c11-benzylic,benzylic,True,85.0,very_low,111.23686922097271,1,high
1h,diaryl-ethyl-aryl-substituted,aryl,10,1h-c10-benzylic,benzylic,False,85.0,very_low,113.11410267975188,2,high
1h,diaryl-ethyl-aryl-substituted,aryl,11,1h-c11-benzylic,benzylic,True,85.0,very_low,110.80536387673291,1,high
1i,diaryl-ethyl-aryl-substituted,aryl,1,1i-c1-benzylic,benzylic,False,85.0,very_low,111.89166103167942,3,high
1i,diaryl-ethyl-aryl-substituted,aryl,7,1i-c7-benzylic,benzylic,False,85.0,very_low,109.26460374954152,1,high
1i,diaryl-ethyl-aryl-substituted,aryl,8,1i-c8-benzylic,benzylic,True,85.0,very_low,110.83520303279181,2,high
1j,diaryl-ethyl-aryl-substituted,aryl,10,1j-c10-benzylic,benzylic,False,85.0,very_low,110.23068698747251,1,high
1j,diaryl-ethyl-aryl-substituted,aryl,11,1j-c11-benzylic,benzylic,True,85.0,very_low,110.96389053214892,2,high
1j,diaryl-ethyl-aryl-substituted,aryl,18,1j-c18-benzylic,benzylic,False,85.0,very_low,111.54059721940463,3,high
1k,diaryl-ethyl-aryl-substituted,aryl,11,1k-c11-benzylic,benzylic,False,85.0,very_low,112.71043479847611,2,high
1k,diaryl-ethyl-aryl-substituted,aryl,12,1k-c12-benzylic,benzylic,True,85.0,very_low,110.96133698964749,1,high
1l,diaryl-ethyl-aryl-substituted,aryl,14,1l-c14-benzylic,benzylic,False,85.0,very_low,109.34609552716886,1,high
1l,diaryl-ethyl-aryl-substituted,aryl,15,1l-c15-benzylic,benzylic,True,85.0,very_low,111.78422735413608,2,high
1m,diaryl-ethyl-aryl-substituted,aryl,11,1m-c11-benzylic,benzylic,False,85.0,very_low,113.60540763871353,2,high
1m,diaryl-ethyl-aryl-substituted,aryl,12,1m-c12-benzylic,benzylic,True,85.0,very_low,110.4339551750564,1,high
1n,polycyclic-aryl,aryl,10,1n-c10-benzylic,benzylic,False,85.0,very_low,109.69985145674579,1,high
1n,polycyclic-aryl,aryl,11,1n-c11-benzylic,benzylic,True,85.0,very_low,110.10585533867953,2,high
1o,oxygen-heteroaryl,aryl,10,1o-c10-benzylic,benzylic,False,85.0,very_low,109.17427031886919,1,high
1o,oxygen-heteroaryl,aryl,11,1o-c11-benzylic,benzylic,True,85.0,very_low,112.40414102738599,2,high
1p,oxygen-heteroaryl-fused,aryl,10,1p-c10-benzylic,benzylic,False,85.0,very_low,109.28589639912782,2,high
1p,oxygen-heteroaryl-fused,aryl,11,1p-c11-benzylic,benzylic,True,85.0,very_low,105.32820022090227,1,high
1q,oxygen-heteroaryl-fused,aryl,10,1q-c10-benzylic,benzylic,False,85.0,very_low,109.03027848216477,1,high
1q,oxygen-heteroaryl-fused,aryl,11,1q-c11-benzylic,benzylic,True,85.0,very_low,111.18797321087256,2,high
1r,oxygen-heterocycle-fused,aryl,10,1r-c10-benzylic,benzylic,False,85.0,very_low,108.61704344649294,2,high
1r,oxygen-heterocycle-fused,aryl,11,1r-c11-benzylic,benzylic,True,85.0,very_low,109.0699071581371,3,high
1r,oxygen-heterocycle-fused,aryl,17,1r-c17-cycloalkyl,cycloalkyl,False,90.3325,low,115.80745099332168,4,high
1r,oxygen-heterocycle-fused,aryl,18,1r-c18-benzylic,benzylic,False,85.0,very_low,106.33359502289174,1,high
1s,oxygen-heterocycle-fused,aryl,10,1s-c10-benzylic,benzylic,False,85.0,very_low,112.4782654465756,3,high
1s,oxygen-heterocycle-fused,aryl,11,1s-c11-benzylic,benzylic,True,85.0,very_low,110.63807061464358,2,high
1s,oxygen-heterocycle-fused,aryl,18,1s-c18-cycloalkyl,cycloalkyl,False,89.665,low,109.79039028068159,1,high
1t,oxygen-heterocycle-fused,aryl,10,1t-c10-benzylic,benzylic,False,85.0,very_low,109.04280724847466,1,high
1t,oxygen-heterocycle-fused,aryl,11,1t-c11-benzylic,benzylic,True,85.0,very_low,110.50058010553876,2,high
1t,oxygen-heterocycle-fused,aryl,17,1t-c17-cycloalkyl,cycloalkyl,False,90.3325,low,118.21269905728543,3,high
1t,oxygen-heterocycle-fused,aryl,18,1t-c18-cycloalkyl,cycloalkyl,False,90.3325,low,118.44150298802688,4,high
1u,carbonyl-heterocycle-fused,aryl,10,1u-c10-benzylic,benzylic,False,85.0,very_low,109.41231967989619,3,high
1u,carbonyl-heterocycle-fused,aryl,11,1u-c11-benzylic,benzylic,True,85.0,very_low,109.21023861974919,2,high
1u,carbonyl-heterocycle-fused,aryl,19,1u-c19-benzylic,benzylic,False,90.3325,low,101.9691567329757,1,high
1v,sulfur-heteroaryl,aryl,10,1v-c10-benzylic,benzylic,False,85.0,very_low,109.37783636449977,1,high
1v,sulfur-heteroaryl,aryl,11,1v-c11-benzylic,benzylic,True,85.0,very_low,110.3201222632064,2,high
1w,sulfur-heteroaryl-fused,aryl,10,1w-c10-benzylic,benzylic,False,85.0,very_low,109.39933978698609,2,high
1w,sulfur-heteroaryl-fused,aryl,11,1w-c11-benzylic,benzylic,True,85.0,very_low,105.07623788359919,1,high
1x,sulfur-heteroaryl-fused,aryl,10,1x-c10-benzylic,benzylic,False,85.0,very_low,109.88608716534851,2,high
1x,sulfur-heteroaryl-fused,aryl,11,1x-c11-benzylic,benzylic,True,85.0,very_low,108.69579007034835,1,high
1y,sulfur-heterocycle-fused,aryl,10,1y-c10-benzylic,benzylic,False,85.0,very_low,112.36256405121888,3,high
1y,sulfur-heterocycle-fused,aryl,11,1y-c11-benzylic,benzylic,True,85.0,very_low,108.76455719580868,2,high
1y,sulfur-heterocycle-fused,aryl,17,1y-c17-cycloalkyl,cycloalkyl,False,88.0,low,113.57720369453625,4,high
1y,sulfur-heterocycle-fused,aryl,18,1y-c18-benzylic,benzylic,False,85.0,very_low,104.53737592312034,1,high
1aa,nitrogen-heteroaryl,aryl,10,1aa-c10-benzylic,benzylic,False,85.0,very_low,112.92326223007511,2,high
1aa,nitrogen-heteroaryl,aryl,11,1aa-c11-benzylic,benzylic,True,85.0,very_low,110.91928476666912,1,high
1ab,nitrogen-heteroaryl,aryl,10,1ab-c10-benzylic,benzylic,False,85.0,very_low,107.23764953352612,1,high
1ab,nitrogen-heteroaryl,aryl,11,1ab-c11-benzylic,benzylic,True,85.0,very_low,110.64292855453947,2,high
1ac,silyl-alkyl-aryl,aryl,10,1ac-c10-benzylic,benzylic,False,85.0,very_low,107.44061133082425,1,high
1ac,silyl-alkyl-aryl,aryl,11,1ac-c11-benzylic_adjacent,benzylic_adjacent,True,98.0,moderate,113.76518164679513,2,high
1ac,silyl-alkyl-aryl,aryl,12,1ac-c12-aliphatic,aliphatic,False,98.0,moderate,121.36034008785536,3,high
1ac,silyl-alkyl-aryl,aryl,14,1ac-c14-aliphatic,aliphatic,False,101.0,high,127.81563829541658,4,high
1ac,silyl-alkyl-aryl,aryl,15,1ac-c15-aliphatic,aliphatic,False,101.0,high,128.19829101744307,6,high
1ac,silyl-alkyl-aryl,aryl,16,1ac-c16-aliphatic,aliphatic,False,101.0,high,127.8469677544722,5,high
1ae,carbonyl-alkyl-aryl,aryl,10,1ae-c10-benzylic,benzylic,False,85.0,very_low,108.80005652559689,1,high
1ae,carbonyl-alkyl-aryl,aryl,11,1ae-c11-carbonyl_alpha,carbonyl_alpha,True,94.0,moderate,116.08101043651679,2,high
1ae,carbonyl-alkyl-aryl,aryl,14,1ae-c14-aliphatic,aliphatic,False,90.3325,low,123.28679633480772,3,high
1af,carbonyl-alkyl-aryl,aryl,1,1af-c1-aliphatic,aliphatic,False,101.0,high,131.83295100933702,4,high
1af,carbonyl-alkyl-aryl,aryl,2,1af-c2-aliphatic,aliphatic,False,90.3325,low,119.99186027209377,3,high
1af,carbonyl-alkyl-aryl,aryl,6,1af-c6-carbonyl_alpha,carbonyl_alpha,True,94.0,moderate,116.21841232120782,2,high
1af,carbonyl-alkyl-aryl,aryl,7,1af-c7-benzylic,benzylic,False,85.0,very_low,108.68022837819012,1,high
1ag,carbonyl-alkyl-aryl,aryl,1,1ag-c1-aliphatic,aliphatic,False,90.0,low,116.45859594674972,2,high
1ag,carbonyl-alkyl-aryl,aryl,3,1ag-c3-aliphatic,aliphatic,False,90.0,low,117.40312461891178,3,high
1ag,carbonyl-alkyl-aryl,aryl,6,1ag-c6-carbonyl_alpha,carbonyl_alpha,True,94.0,moderate,120.2568125681862,4,high
1ag,carbonyl-alkyl-aryl,aryl,7,1ag-c7-benzylic,benzylic,False,85.0,very_low,108.08619011018592,1,high
1ah,alkyl-aryl-chain,aryl,10,1ah-c10-benzylic,benzylic,False,85.0,very_low,108.43355854489482,2,high
1ah,alkyl-aryl-chain,aryl,11,1ah-c11-benzylic_adjacent,benzylic_adjacent,True,98.0,moderate,124.97891279318755,3,high
1ah,alkyl-aryl-chain,aryl,12,1ah-c12-aliphatic,aliphatic,False,98.0,moderate,95.49093965866669,1,high
1ah,alkyl-aryl-chain,aryl,13,1ah-c13-aliphatic,aliphatic,False,101.0,high,131.24024684341663,4,high
1ai,alkyl-aryl-chain,aryl,10,1ai-c10-benzylic,benzylic,False,85.0,very_low,109.18748156762045,1,high
1ai,alkyl-aryl-chain,aryl,11,1ai-c11-benzylic_adjacent,benzylic_adjacent,True,98.0,moderate,124.5475635124384,3,high
1ai,alkyl-aryl-chain,aryl,12,1ai-c12-benzylic_adjacent,benzylic_adjacent,False,98.0,moderate,125.0907655355183,4,high
1ai,alkyl-aryl-chain,aryl,13,1ai-c13-benzylic,benzylic,False,85.0,very_low,110.30959816000026,2,high
1aj,cycloalkyl-alkyl-aryl,aryl,10,1aj-c10-benzylic,benzylic,False,85.0,very_low,108.11636191090045,1,high
1aj,cycloalkyl-alkyl-aryl,aryl,11,1aj-c11-benzylic_adjacent,benzylic_adjacent,True,98.0,moderate,119.17945245149134,2,high
1aj,cycloalkyl-alkyl-aryl,aryl,12,1aj-c12-cycloalkyl,cycloalkyl,False,101.0,high,131.85902404743885,3,high
1aj,cycloalkyl-alkyl-aryl,aryl,13,1aj-c13-cycloalkyl,cycloalkyl,False,102.0,high,136.33834326658476,5,high
1aj,cycloalkyl-alkyl-aryl,aryl,14,1aj-c14-cycloalkyl,cycloalkyl,False,102.0,high,136.22993315731514,4,high
1ak,cycloalkyl-alkyl-aryl,aryl,10,1ak-c10-benzylic,benzylic,False,85.0,very_low,105.41213574695722,2,high
1ak,cycloalkyl-alkyl-aryl,aryl,11,1ak-c11-benzylic_adjacent,benzylic_adjacent,True,98.0,moderate,124.00677302332531,5,high
1ak,cycloalkyl-alkyl-aryl,aryl,12,1ak-c12-cycloalkyl,cycloalkyl,False,97.0,moderate,115.49333992381587,3,high
1ak,cycloalkyl-alkyl-aryl,aryl,13,1ak-c13-cycloalkyl,cycloalkyl,False,98.0,moderate,97.80601199262495,1,high
1ak,cycloalkyl-alkyl-aryl,aryl,14,1ak-c14-cycloalkyl,cycloalkyl,False,98.0,moderate,124.23601849420301,6,high
1ak,cycloalkyl-alkyl-aryl,aryl,15,1ak-c15-cycloalkyl,cycloalkyl,False,98.0,moderate,124.28680340006217,7,high
1ak,cycloalkyl-alkyl-aryl,aryl,16,1ak-c16-cycloalkyl,cycloalkyl,False,98.0,moderate,123.96777634854294,4,high
1al,cycloalkyl-alkyl-aryl,aryl,10,1al-c10-benzylic,benzylic,False,85.0,very_low,107.96541130035385,1,high
1al,cycloalkyl-alkyl-aryl,aryl,11,1al-c11-benzylic_adjacent,benzylic_adjacent,True,98.0,moderate,124.92732950137288,8,high
1al,cycloalkyl-alkyl-aryl,aryl,12,1al-c12-cycloalkyl,cycloalkyl,False,97.0,moderate,117.91363405790968,2,high
1al,cycloalkyl-alkyl-aryl,aryl,13,1al-c13-cycloalkyl,cycloalkyl,False,98.0,moderate,124.35012419571446,5,high
1al,cycloalkyl-alkyl-aryl,aryl,14,1al-c14-cycloalkyl,cycloalkyl,False,98.0,moderate,124.12424899351053,4,high
1al,cycloalkyl-alkyl-aryl,aryl,15,1al-c15-cycloalkyl,cycloalkyl,False,98.0,moderate,124.38642595827093,6,high
1al,cycloalkyl-alkyl-aryl,aryl,16,1al-c16-cycloalkyl,cycloalkyl,False,98.0,moderate,124.48694283984577,7,high
1al,cycloalkyl-alkyl-aryl,aryl,17,1al-c17-cycloalkyl,cycloalkyl,False,98.0,moderate,123.5347289938928,3,high
1am,cycloalkyl-aryl,aryl,10,1am-c10-benzylic,benzylic,False,86.0,low,102.90791328685242,1,high
1am,cycloalkyl-aryl,aryl,11,1am-c11-cycloalkyl,cycloalkyl,True,98.0,moderate,124.57227291973862,5,high
1am,cycloalkyl-aryl,aryl,12,1am-c12-cycloalkyl,cycloalkyl,False,98.0,moderate,124.5223255689673,4,high
1am,cycloalkyl-aryl,aryl,13,1am-c13-cycloalkyl,cycloalkyl,False,98.0,moderate,124.51796118284636,3,high
1am,cycloalkyl-aryl,aryl,14,1am-c14-cycloalkyl,cycloalkyl,False,98.0,moderate,123.5796234777372,2,high
1ao,branched-diaryl-alkyl,aryl,1,1ao-c1-benzylic_adjacent,benzylic_adjacent,False,101.0,high,130.75173362013777,3,high
1ao,branched-diaryl-alkyl,aryl,2,1ao-c2-benzylic,benzylic,True,85.0,very_low,108.50909467466035,1,high
1ao,branched-diaryl-alkyl,aryl,3,1ao-c3-benzylic,benzylic,False,85.0,very_low,108.84396341997032,2,high
