domain,target,feature_set,route,model,final_n_labeled,final_prefix_mae,auc_mae,n90,reference_baseline_mae,final_mae_delta_vs_reference,source_manifest,source_summary
P7,ee_percent,rdkit_morgan_stage2p,diversity_first,elastic_net,37,4.453716228707975,343.0441343445141,4,13.238227146814404,-8.78451091810643,data/jacs_2025/scope_progression/scope-progression-manifest.json,data/jacs_2025/scope_progression/learning-curve-summary.csv
P7,ee_percent,rdkit_morgan_stage2p,diversity_first,ridge,37,3.7721052418067984,391.6617398994564,24,13.238227146814404,-9.466121905007606,data/jacs_2025/scope_progression/scope-progression-manifest.json,data/jacs_2025/scope_progression/learning-curve-summary.csv
P7,ee_percent,rdkit_morgan_stage2p,diversity_first,tanimoto_knn,37,1.214503416882593,368.2841788702248,19,13.238227146814404,-12.023723729931811,data/jacs_2025/scope_progression/scope-progression-manifest.json,data/jacs_2025/scope_progression/learning-curve-summary.csv
P7,ee_percent,rdkit_morgan_stage2p,historical_order,elastic_net,37,8.838039981697932,741.1524230126039,,13.238227146814404,-4.400187165116472,data/jacs_2025/scope_progression/scope-progression-manifest.json,data/jacs_2025/scope_progression/learning-curve-summary.csv
P7,ee_percent,rdkit_morgan_stage2p,historical_order,ridge,37,9.719410236666064,757.661537550018,,13.238227146814404,-3.51881691014834,data/jacs_2025/scope_progression/scope-progression-manifest.json,data/jacs_2025/scope_progression/learning-curve-summary.csv
P7,ee_percent,rdkit_morgan_stage2p,historical_order,tanimoto_knn,37,3.968963739041868,601.0438294576555,37,13.238227146814404,-9.269263407772536,data/jacs_2025/scope_progression/scope-progression-manifest.json,data/jacs_2025/scope_progression/learning-curve-summary.csv
P7,ee_percent,rdkit_morgan_stage2p,performance_first,elastic_net,37,16.511123680299235,403.78144002422107,,13.238227146814404,3.272896533484831,data/jacs_2025/scope_progression/scope-progression-manifest.json,data/jacs_2025/scope_progression/learning-curve-summary.csv
P7,ee_percent,rdkit_morgan_stage2p,performance_first,ridge,37,18.22392906726015,403.09283268725056,7,13.238227146814404,4.985701920445747,data/jacs_2025/scope_progression/scope-progression-manifest.json,data/jacs_2025/scope_progression/learning-curve-summary.csv
P7,ee_percent,rdkit_morgan_stage2p,performance_first,tanimoto_knn,37,27.542678076584494,525.1311740671293,,13.238227146814404,14.30445092977009,data/jacs_2025/scope_progression/scope-progression-manifest.json,data/jacs_2025/scope_progression/learning-curve-summary.csv
P7,ee_percent,rdkit_morgan_stage2p,random,ridge,37,8.121798904086868,355.52727430692545,29,13.238227146814404,-5.116428242727537,data/jacs_2025/scope_progression/scope-progression-manifest.json,data/jacs_2025/scope_progression/learning-curve-summary.csv
P7,ee_percent,rdkit_morgan_stage2p,random,tanimoto_knn,37,8.344133501479462,337.4934653373166,27,13.238227146814404,-4.894093645334943,data/jacs_2025/scope_progression/scope-progression-manifest.json,data/jacs_2025/scope_progression/learning-curve-summary.csv
P7,ee_percent,rdkit_morgan_stage2p,uncertainty_diversity,elastic_net,37,4.453716228707975,325.1187283454952,16,13.238227146814404,-8.78451091810643,data/jacs_2025/scope_progression/scope-progression-manifest.json,data/jacs_2025/scope_progression/learning-curve-summary.csv
P7,ee_percent,rdkit_morgan_stage2p,uncertainty_diversity,ridge,37,3.7721053597313414,337.18099275521246,16,13.238227146814404,-9.466121787083063,data/jacs_2025/scope_progression/scope-progression-manifest.json,data/jacs_2025/scope_progression/learning-curve-summary.csv
P7,ee_percent,rdkit_morgan_stage2p,uncertainty_diversity,tanimoto_knn,37,1.214503416882593,306.11579585561134,17,13.238227146814404,-12.023723729931811,data/jacs_2025/scope_progression/scope-progression-manifest.json,data/jacs_2025/scope_progression/learning-curve-summary.csv
P7,isolated_yield_percent,rdkit_morgan_stage2p,diversity_first,elastic_net,38,15.999427132509844,561.2480995287884,2,14.741617357001973,1.2578097755078712,data/jacs_2025/scope_progression/scope-progression-manifest.json,data/jacs_2025/scope_progression/learning-curve-summary.csv
P7,isolated_yield_percent,rdkit_morgan_stage2p,diversity_first,ridge,38,16.006321861479663,570.3572180567014,2,14.741617357001973,1.26470450447769,data/jacs_2025/scope_progression/scope-progression-manifest.json,data/jacs_2025/scope_progression/learning-curve-summary.csv
P7,isolated_yield_percent,rdkit_morgan_stage2p,diversity_first,tanimoto_knn,38,0.5092388479151424,469.2606008486003,12,14.741617357001973,-14.23237850908683,data/jacs_2025/scope_progression/scope-progression-manifest.json,data/jacs_2025/scope_progression/learning-curve-summary.csv
P7,isolated_yield_percent,rdkit_morgan_stage2p,historical_order,elastic_net,38,22.179634973511654,908.8992628866205,2,14.741617357001973,7.438017616509681,data/jacs_2025/scope_progression/scope-progression-manifest.json,data/jacs_2025/scope_progression/learning-curve-summary.csv
P7,isolated_yield_percent,rdkit_morgan_stage2p,historical_order,ridge,38,23.917308723466263,913.1655743677726,2,14.741617357001973,9.17569136646429,data/jacs_2025/scope_progression/scope-progression-manifest.json,data/jacs_2025/scope_progression/learning-curve-summary.csv
P7,isolated_yield_percent,rdkit_morgan_stage2p,historical_order,tanimoto_knn,38,16.019179066579554,633.6513337035055,37,14.741617357001973,1.277561709577581,data/jacs_2025/scope_progression/scope-progression-manifest.json,data/jacs_2025/scope_progression/learning-curve-summary.csv
P7,isolated_yield_percent,rdkit_morgan_stage2p,performance_first,elastic_net,38,15.999427132509837,657.6968534990028,2,14.741617357001973,1.257809775507864,data/jacs_2025/scope_progression/scope-progression-manifest.json,data/jacs_2025/scope_progression/learning-curve-summary.csv
P7,isolated_yield_percent,rdkit_morgan_stage2p,performance_first,ridge,38,16.006260887685386,666.4789469757424,2,14.741617357001973,1.2646435306834132,data/jacs_2025/scope_progression/scope-progression-manifest.json,data/jacs_2025/scope_progression/learning-curve-summary.csv
P7,isolated_yield_percent,rdkit_morgan_stage2p,performance_first,tanimoto_knn,38,0.5092388479151424,513.3257625857059,15,14.741617357001973,-14.23237850908683,data/jacs_2025/scope_progression/scope-progression-manifest.json,data/jacs_2025/scope_progression/learning-curve-summary.csv
P7,isolated_yield_percent,rdkit_morgan_stage2p,random,ridge,38,18.446856311600737,639.4242840130262,4,14.741617357001973,3.705238954598764,data/jacs_2025/scope_progression/scope-progression-manifest.json,data/jacs_2025/scope_progression/learning-curve-summary.csv
P7,isolated_yield_percent,rdkit_morgan_stage2p,random,tanimoto_knn,38,13.461070239743771,484.75192688174315,26,14.741617357001973,-1.2805471172582017,data/jacs_2025/scope_progression/scope-progression-manifest.json,data/jacs_2025/scope_progression/learning-curve-summary.csv
P7,isolated_yield_percent,rdkit_morgan_stage2p,uncertainty_diversity,elastic_net,38,15.999427132509865,547.1817057522234,2,14.741617357001973,1.2578097755078925,data/jacs_2025/scope_progression/scope-progression-manifest.json,data/jacs_2025/scope_progression/learning-curve-summary.csv
P7,isolated_yield_percent,rdkit_morgan_stage2p,uncertainty_diversity,ridge,38,16.006781343443905,554.1639035458414,2,14.741617357001973,1.265163986441932,data/jacs_2025/scope_progression/scope-progression-manifest.json,data/jacs_2025/scope_progression/learning-curve-summary.csv
P7,isolated_yield_percent,rdkit_morgan_stage2p,uncertainty_diversity,tanimoto_knn,38,0.5092388479151424,452.9418556675523,15,14.741617357001973,-14.23237850908683,data/jacs_2025/scope_progression/scope-progression-manifest.json,data/jacs_2025/scope_progression/learning-curve-summary.csv
CMC-Por aryl,ee_percent,rdkit_morgan_stage2p,diversity_first,elastic_net,25,4.11104475324845,217.78087841613055,13,11.57988165680473,-7.46883690355628,data/expansion/catalyst_rerun/cmcpor_aryl_scope_progression/scope-progression-manifest.json,data/expansion/catalyst_rerun/cmcpor_aryl_scope_progression/learning-curve-summary.csv
CMC-Por aryl,ee_percent,rdkit_morgan_stage2p,diversity_first,ridge,25,4.140820748048199,221.20270022031536,14,11.57988165680473,-7.439060908756531,data/expansion/catalyst_rerun/cmcpor_aryl_scope_progression/scope-progression-manifest.json,data/expansion/catalyst_rerun/cmcpor_aryl_scope_progression/learning-curve-summary.csv
CMC-Por aryl,ee_percent,rdkit_morgan_stage2p,diversity_first,tanimoto_knn,25,2.0894801810193115,171.51489982294493,13,11.57988165680473,-9.490401475785418,data/expansion/catalyst_rerun/cmcpor_aryl_scope_progression/scope-progression-manifest.json,data/expansion/catalyst_rerun/cmcpor_aryl_scope_progression/learning-curve-summary.csv
CMC-Por aryl,ee_percent,rdkit_morgan_stage2p,historical_order,elastic_net,25,5.351928123768715,292.4629336047309,12,11.57988165680473,-6.227953533036015,data/expansion/catalyst_rerun/cmcpor_aryl_scope_progression/scope-progression-manifest.json,data/expansion/catalyst_rerun/cmcpor_aryl_scope_progression/learning-curve-summary.csv
CMC-Por aryl,ee_percent,rdkit_morgan_stage2p,historical_order,ridge,25,8.772583104247289,297.249995084267,16,11.57988165680473,-2.807298552557441,data/expansion/catalyst_rerun/cmcpor_aryl_scope_progression/scope-progression-manifest.json,data/expansion/catalyst_rerun/cmcpor_aryl_scope_progression/learning-curve-summary.csv
CMC-Por aryl,ee_percent,rdkit_morgan_stage2p,historical_order,tanimoto_knn,25,1.4821313849076034,238.72123393957128,7,11.57988165680473,-10.097750271897127,data/expansion/catalyst_rerun/cmcpor_aryl_scope_progression/scope-progression-manifest.json,data/expansion/catalyst_rerun/cmcpor_aryl_scope_progression/learning-curve-summary.csv
CMC-Por aryl,ee_percent,rdkit_morgan_stage2p,performance_first,elastic_net,25,5.351928123768715,336.98900790417355,23,11.57988165680473,-6.227953533036015,data/expansion/catalyst_rerun/cmcpor_aryl_scope_progression/scope-progression-manifest.json,data/expansion/catalyst_rerun/cmcpor_aryl_scope_progression/learning-curve-summary.csv
CMC-Por aryl,ee_percent,rdkit_morgan_stage2p,performance_first,ridge,25,8.772611305254912,331.0206318936494,23,11.57988165680473,-2.8072703515498176,data/expansion/catalyst_rerun/cmcpor_aryl_scope_progression/scope-progression-manifest.json,data/expansion/catalyst_rerun/cmcpor_aryl_scope_progression/learning-curve-summary.csv
CMC-Por aryl,ee_percent,rdkit_morgan_stage2p,performance_first,tanimoto_knn,25,1.4821313849076034,187.6660564763861,6,11.57988165680473,-10.097750271897127,data/expansion/catalyst_rerun/cmcpor_aryl_scope_progression/scope-progression-manifest.json,data/expansion/catalyst_rerun/cmcpor_aryl_scope_progression/learning-curve-summary.csv
CMC-Por aryl,ee_percent,rdkit_morgan_stage2p,random,ridge,25,10.64446646975816,274.59550895979737,19,11.57988165680473,-0.9354151870465692,data/expansion/catalyst_rerun/cmcpor_aryl_scope_progression/scope-progression-manifest.json,data/expansion/catalyst_rerun/cmcpor_aryl_scope_progression/learning-curve-summary.csv
CMC-Por aryl,ee_percent,rdkit_morgan_stage2p,random,tanimoto_knn,25,9.781047948353073,225.75872207636334,12,11.57988165680473,-1.7988337084516566,data/expansion/catalyst_rerun/cmcpor_aryl_scope_progression/scope-progression-manifest.json,data/expansion/catalyst_rerun/cmcpor_aryl_scope_progression/learning-curve-summary.csv
CMC-Por aryl,ee_percent,rdkit_morgan_stage2p,uncertainty_diversity,elastic_net,25,4.11104475324845,193.9397174459578,6,11.57988165680473,-7.46883690355628,data/expansion/catalyst_rerun/cmcpor_aryl_scope_progression/scope-progression-manifest.json,data/expansion/catalyst_rerun/cmcpor_aryl_scope_progression/learning-curve-summary.csv
CMC-Por aryl,ee_percent,rdkit_morgan_stage2p,uncertainty_diversity,ridge,25,4.140820602246762,195.8901033912489,8,11.57988165680473,-7.439061054557968,data/expansion/catalyst_rerun/cmcpor_aryl_scope_progression/scope-progression-manifest.json,data/expansion/catalyst_rerun/cmcpor_aryl_scope_progression/learning-curve-summary.csv
CMC-Por aryl,ee_percent,rdkit_morgan_stage2p,uncertainty_diversity,tanimoto_knn,25,2.0894801810193115,175.44297991773405,14,11.57988165680473,-9.490401475785418,data/expansion/catalyst_rerun/cmcpor_aryl_scope_progression/scope-progression-manifest.json,data/expansion/catalyst_rerun/cmcpor_aryl_scope_progression/learning-curve-summary.csv
CMC-Por aryl,isolated_yield_percent,rdkit_morgan_stage2p,diversity_first,elastic_net,25,35.58168762755187,453.0583472511481,6,15.0,20.581687627551872,data/expansion/catalyst_rerun/cmcpor_aryl_scope_progression/scope-progression-manifest.json,data/expansion/catalyst_rerun/cmcpor_aryl_scope_progression/learning-curve-summary.csv
CMC-Por aryl,isolated_yield_percent,rdkit_morgan_stage2p,diversity_first,ridge,25,35.03154160151418,467.2235139109514,6,15.0,20.031541601514178,data/expansion/catalyst_rerun/cmcpor_aryl_scope_progression/scope-progression-manifest.json,data/expansion/catalyst_rerun/cmcpor_aryl_scope_progression/learning-curve-summary.csv
CMC-Por aryl,isolated_yield_percent,rdkit_morgan_stage2p,diversity_first,tanimoto_knn,25,26.903666093576035,354.2835559387895,2,15.0,11.903666093576035,data/expansion/catalyst_rerun/cmcpor_aryl_scope_progression/scope-progression-manifest.json,data/expansion/catalyst_rerun/cmcpor_aryl_scope_progression/learning-curve-summary.csv
CMC-Por aryl,isolated_yield_percent,rdkit_morgan_stage2p,historical_order,elastic_net,25,8.173476442962425,457.6163004766756,6,15.0,-6.826523557037575,data/expansion/catalyst_rerun/cmcpor_aryl_scope_progression/scope-progression-manifest.json,data/expansion/catalyst_rerun/cmcpor_aryl_scope_progression/learning-curve-summary.csv
CMC-Por aryl,isolated_yield_percent,rdkit_morgan_stage2p,historical_order,ridge,25,10.24374097499581,474.5113915978344,6,15.0,-4.756259025004191,data/expansion/catalyst_rerun/cmcpor_aryl_scope_progression/scope-progression-manifest.json,data/expansion/catalyst_rerun/cmcpor_aryl_scope_progression/learning-curve-summary.csv
CMC-Por aryl,isolated_yield_percent,rdkit_morgan_stage2p,historical_order,tanimoto_knn,25,3.045134702488369,398.99024785874775,4,15.0,-11.954865297511631,data/expansion/catalyst_rerun/cmcpor_aryl_scope_progression/scope-progression-manifest.json,data/expansion/catalyst_rerun/cmcpor_aryl_scope_progression/learning-curve-summary.csv
CMC-Por aryl,isolated_yield_percent,rdkit_morgan_stage2p,performance_first,elastic_net,25,8.17347644296244,613.9812437161495,9,15.0,-6.826523557037561,data/expansion/catalyst_rerun/cmcpor_aryl_scope_progression/scope-progression-manifest.json,data/expansion/catalyst_rerun/cmcpor_aryl_scope_progression/learning-curve-summary.csv
CMC-Por aryl,isolated_yield_percent,rdkit_morgan_stage2p,performance_first,ridge,25,10.243744188690144,616.732233687233,9,15.0,-4.756255811309856,data/expansion/catalyst_rerun/cmcpor_aryl_scope_progression/scope-progression-manifest.json,data/expansion/catalyst_rerun/cmcpor_aryl_scope_progression/learning-curve-summary.csv
CMC-Por aryl,isolated_yield_percent,rdkit_morgan_stage2p,performance_first,tanimoto_knn,25,6.276132353719177,312.2540538707824,2,15.0,-8.723867646280823,data/expansion/catalyst_rerun/cmcpor_aryl_scope_progression/scope-progression-manifest.json,data/expansion/catalyst_rerun/cmcpor_aryl_scope_progression/learning-curve-summary.csv
CMC-Por aryl,isolated_yield_percent,rdkit_morgan_stage2p,random,ridge,25,21.603645882301485,518.4751922983946,24,15.0,6.603645882301485,data/expansion/catalyst_rerun/cmcpor_aryl_scope_progression/scope-progression-manifest.json,data/expansion/catalyst_rerun/cmcpor_aryl_scope_progression/learning-curve-summary.csv
CMC-Por aryl,isolated_yield_percent,rdkit_morgan_stage2p,random,tanimoto_knn,25,18.131180227944533,390.507873371826,2,15.0,3.131180227944533,data/expansion/catalyst_rerun/cmcpor_aryl_scope_progression/scope-progression-manifest.json,data/expansion/catalyst_rerun/cmcpor_aryl_scope_progression/learning-curve-summary.csv
CMC-Por aryl,isolated_yield_percent,rdkit_morgan_stage2p,uncertainty_diversity,elastic_net,25,35.58168762755189,467.9576422126914,6,15.0,20.581687627551887,data/expansion/catalyst_rerun/cmcpor_aryl_scope_progression/scope-progression-manifest.json,data/expansion/catalyst_rerun/cmcpor_aryl_scope_progression/learning-curve-summary.csv
CMC-Por aryl,isolated_yield_percent,rdkit_morgan_stage2p,uncertainty_diversity,ridge,25,35.03154088673389,479.37469692663643,6,15.0,20.031540886733893,data/expansion/catalyst_rerun/cmcpor_aryl_scope_progression/scope-progression-manifest.json,data/expansion/catalyst_rerun/cmcpor_aryl_scope_progression/learning-curve-summary.csv
CMC-Por aryl,isolated_yield_percent,rdkit_morgan_stage2p,uncertainty_diversity,tanimoto_knn,25,26.903666093576035,368.31748712320314,2,15.0,11.903666093576035,data/expansion/catalyst_rerun/cmcpor_aryl_scope_progression/scope-progression-manifest.json,data/expansion/catalyst_rerun/cmcpor_aryl_scope_progression/learning-curve-summary.csv
