abs_error,bayesian_normal_interval_95_high,bayesian_normal_interval_95_low,family_id,feature_set,gp_predictive_std,heldout_count,heldout_family_id,model_name,observed_ee_percent,observed_target_value,observed_yield_percent,prediction,prediction_interval_80_high,prediction_interval_80_low,prediction_interval_95_high,prediction_interval_95_low,residual,selected_estimator_params,split_id,split_mode,target_name,target_substrate_id,train_count,train_substrate_ids,validation_count,validation_mae,validation_substrate_ids
3.597803121850262,,,diaryl-ethyl-parent,structure_pose,,1,,ridge_regression,92.0,92.0,,88.40219687814974,98.09759022122509,82.58945391014377,100.59799367429632,81.20478514112247,-3.597803121850262,"{""alpha"": 100.0}",1a,target_holdout,ee,1a,29,1am|1i|1p|1ao|1ab|1af|1x|1u|1l|1aj|1aa|1k|1s|1ac|1g|1y|1c|1w|1t|1o|1q|1v|1ai|1b|1ag|1n|1j|1m|1ah,8,5.520485050504503,1ae|1ak|1al|1d|1e|1f|1h|1r
2.0810816122399984,,,diaryl-ethyl-parent,structure_pose,,1,,elastic_net,92.0,92.0,,89.91891838776,96.11224880156081,81.0091898530481,101.60033241741057,75.99330118567289,-2.0810816122399984,"{""alpha"": 1.0, ""l1_ratio"": 0.8}",1a,target_holdout,ee,1a,29,1am|1i|1p|1ao|1ab|1af|1x|1u|1l|1aj|1aa|1k|1s|1ac|1g|1y|1c|1w|1t|1o|1q|1v|1ai|1b|1ag|1n|1j|1m|1ah,8,5.271623556690084,1ae|1ak|1al|1d|1e|1f|1h|1r
2.1203294906493824,,,diaryl-ethyl-parent,structure_pose,,1,,lightgbm,92.0,92.0,,89.87967050935062,109.75224074977157,85.29307922849068,110.1543950444159,81.65336411566109,-2.1203294906493824,"{""learning_rate"": 0.1, ""n_estimators"": 75, ""num_leaves"": 7}",1a,target_holdout,ee,1a,29,1am|1i|1p|1ao|1ab|1af|1x|1u|1l|1aj|1aa|1k|1s|1ac|1g|1y|1c|1w|1t|1o|1q|1v|1ai|1b|1ag|1n|1j|1m|1ah,8,7.234270696838207,1ae|1ak|1al|1d|1e|1f|1h|1r
12.034482758620541,111.79709804792508,48.13393643483384,diaryl-ethyl-parent,structure_pose,16.24060245231919,1,,gaussian_process,92.0,92.0,,79.96551724137946,98.53103448275877,68.63103448275878,104.83103448275878,68.10603448275877,-12.034482758620541,"{""alpha"": 1e-06, ""kernel"": ""1**2 * RBF(length_scale=2) + WhiteKernel(noise_level=10)""}",1a,target_holdout,ee,1a,29,1am|1i|1p|1ao|1ab|1af|1x|1u|1l|1aj|1aa|1k|1s|1ac|1g|1y|1c|1w|1t|1o|1q|1v|1ai|1b|1ag|1n|1j|1m|1ah,8,12.758620689655169,1ae|1ak|1al|1d|1e|1f|1h|1r
1.006464135617918,,,nitrogen-heteroaryl,structure_pose,,1,,ridge_regression,88.0,88.0,,86.99353586438208,96.78559678819641,81.36928288342871,98.84356465736897,80.05167117700154,-1.006464135617918,"{""alpha"": 100.0}",1aa,target_holdout,ee,1aa,29,1am|1i|1p|1ao|1ab|1af|1x|1u|1l|1aj|1k|1o|1s|1ac|1f|1y|1v|1w|1t|1b|1q|1h|1ai|1ag|1n|1m|1j|1ah|1c,8,5.632406392264851,1a|1ae|1ak|1al|1d|1e|1g|1r
8.889485655286023,,,nitrogen-heteroaryl,structure_pose,,1,,elastic_net,88.0,88.0,,96.88948565528602,101.98298899423902,87.7067199455299,107.89761673120175,82.51426768531904,8.889485655286023,"{""alpha"": 1.0, ""l1_ratio"": 0.8}",1aa,target_holdout,ee,1aa,29,1am|1i|1p|1ao|1ab|1af|1x|1u|1l|1aj|1k|1o|1s|1ac|1f|1y|1v|1w|1t|1b|1q|1h|1ai|1ag|1n|1m|1j|1ah|1c,8,5.215586120047644,1a|1ae|1ak|1al|1d|1e|1g|1r
0.6039272607105488,,,nitrogen-heteroaryl,structure_pose,,1,,lightgbm,88.0,88.0,,88.60392726071055,102.28913898525879,83.7118069157993,110.58913425699308,78.80357421834456,0.6039272607105488,"{""learning_rate"": 0.1, ""n_estimators"": 75, ""num_leaves"": 7}",1aa,target_holdout,ee,1aa,29,1am|1i|1p|1ao|1ab|1af|1x|1u|1l|1aj|1k|1o|1s|1ac|1f|1y|1v|1w|1t|1b|1q|1h|1ai|1ag|1n|1m|1j|1ah|1c,8,6.593002513630899,1a|1ae|1ak|1al|1d|1e|1g|1r
7.965517241379317,111.94088359976793,48.12808191747344,nitrogen-heteroaryl,structure_pose,16.278775939360838,1,,gaussian_process,88.0,88.0,,80.03448275862068,98.66896551724136,68.0689655172414,104.96896551724137,68.06896551724137,-7.965517241379317,"{""alpha"": 1e-06, ""kernel"": ""1**2 * RBF(length_scale=2) + WhiteKernel(noise_level=10)""}",1aa,target_holdout,ee,1aa,29,1am|1i|1p|1ao|1ab|1af|1x|1u|1l|1aj|1k|1o|1s|1ac|1f|1y|1v|1w|1t|1b|1q|1h|1ai|1ag|1n|1m|1j|1ah|1c,8,12.99137931034481,1a|1ae|1ak|1al|1d|1e|1g|1r
31.559193350667677,,,nitrogen-heteroaryl,structure_pose,,1,,ridge_regression,95.0,95.0,,63.44080664933232,77.76433807850779,61.96934867365728,80.11948477247822,61.68429325174347,-31.559193350667677,"{""alpha"": 0.1}",1ab,target_holdout,ee,1ab,29,1s|1am|1k|1ao|1y|1af|1x|1i|1p|1al|1e|1aa|1ac|1t|1v|1c|1o|1u|1w|1q|1ai|1b|1m|1ag|1n|1h|1j|1ah|1f,8,6.556002122348458,1a|1ae|1aj|1ak|1d|1g|1l|1r
31.338184680762687,,,nitrogen-heteroaryl,structure_pose,,1,,elastic_net,95.0,95.0,,63.66181531923731,81.43188884561529,63.231178853941,81.94673729075149,62.199112964590036,-31.338184680762687,"{""alpha"": 0.01, ""l1_ratio"": 0.2}",1ab,target_holdout,ee,1ab,29,1s|1am|1k|1ao|1y|1af|1x|1i|1p|1al|1e|1aa|1ac|1t|1v|1c|1o|1u|1w|1q|1ai|1b|1m|1ag|1n|1h|1j|1ah|1f,8,7.881025155681675,1a|1ae|1aj|1ak|1d|1g|1l|1r
34.7974656262272,,,nitrogen-heteroaryl,structure_pose,,1,,lightgbm,95.0,95.0,,60.2025343737728,70.96561561472636,56.17323765051291,73.5416354510291,55.63757936913349,-34.7974656262272,"{""learning_rate"": 0.1, ""n_estimators"": 75, ""num_leaves"": 3}",1ab,target_holdout,ee,1ab,29,1s|1am|1k|1ao|1y|1af|1x|1i|1p|1al|1e|1aa|1ac|1t|1v|1c|1o|1u|1w|1q|1ai|1b|1m|1ag|1n|1h|1j|1ah|1f,8,5.137469389218566,1a|1ae|1aj|1ak|1d|1g|1l|1r
13.862068965517238,110.2081575394909,52.067704529474625,nitrogen-heteroaryl,structure_pose,14.831748216840886,1,,gaussian_process,95.0,95.0,,81.13793103448276,111.97586206896553,70.97586206896553,116.70086206896553,70.45086206896553,-13.862068965517238,"{""alpha"": 1e-06, ""kernel"": ""1**2 * RBF(length_scale=2) + WhiteKernel(noise_level=10)""}",1ab,target_holdout,ee,1ab,29,1s|1am|1k|1ao|1y|1af|1x|1i|1p|1al|1e|1aa|1ac|1t|1v|1c|1o|1u|1w|1q|1ai|1b|1m|1ag|1n|1h|1j|1ah|1f,8,15.0905172413793,1a|1ae|1aj|1ak|1d|1g|1l|1r
6.690887767488299,,,silyl-alkyl-aryl,structure_pose,,1,,ridge_regression,67.0,67.0,,60.3091122325117,72.98570068861525,55.276216958877036,74.6262862008882,54.219965155571444,-6.690887767488299,"{""alpha"": 0.1}",1ac,target_holdout,ee,1ac,29,1l|1am|1af|1y|1s|1ao|1x|1i|1ab|1p|1k|1aa|1al|1ai|1t|1v|1f|1b|1u|1w|1o|1q|1h|1ag|1n|1m|1j|1ah|1c,8,6.178293044470351,1a|1ae|1aj|1ak|1d|1e|1g|1r
7.221622057790583,,,silyl-alkyl-aryl,structure_pose,,1,,elastic_net,67.0,67.0,,59.77837794220942,78.70434806789302,56.225349836492725,82.33545149915679,54.70274137055253,-7.221622057790583,"{""alpha"": 1.0, ""l1_ratio"": 0.5}",1ac,target_holdout,ee,1ac,29,1l|1am|1af|1y|1s|1ao|1x|1i|1ab|1p|1k|1aa|1al|1ai|1t|1v|1f|1b|1u|1w|1o|1q|1h|1ag|1n|1m|1j|1ah|1c,8,8.249360555765552,1a|1ae|1aj|1ak|1d|1e|1g|1r
9.156230178331484,,,silyl-alkyl-aryl,structure_pose,,1,,lightgbm,67.0,67.0,,76.15623017833148,85.01395760377918,72.95237843832042,87.20198244920799,70.9741200709191,9.156230178331484,"{""learning_rate"": 0.1, ""n_estimators"": 75, ""num_leaves"": 7}",1ac,target_holdout,ee,1ac,29,1l|1am|1af|1y|1s|1ao|1x|1i|1ab|1p|1k|1aa|1al|1ai|1t|1v|1f|1b|1u|1w|1o|1q|1h|1ag|1n|1m|1j|1ah|1c,8,4.095164263860886,1a|1ae|1aj|1ak|1d|1e|1g|1r
14.758620689655174,110.51699401265411,53.00024736665624,silyl-alkyl-aryl,structure_pose,14.672639450509658,1,,gaussian_process,67.0,67.0,,81.75862068965517,113.21724137931035,71.51724137931036,117.94224137931036,71.51724137931035,14.758620689655174,"{""alpha"": 1e-06, ""kernel"": ""1**2 * RBF(length_scale=2) + WhiteKernel(noise_level=10)""}",1ac,target_holdout,ee,1ac,29,1l|1am|1af|1y|1s|1ao|1x|1i|1ab|1p|1k|1aa|1al|1ai|1t|1v|1f|1b|1u|1w|1o|1q|1h|1ag|1n|1m|1j|1ah|1c,8,16.185344827586196,1a|1ae|1aj|1ak|1d|1e|1g|1r
13.029264613837,,,carbonyl-alkyl-aryl,structure_pose,,1,,ridge_regression,53.0,53.0,,66.029264613837,69.67791872705833,60.21652164583106,73.14137166956117,58.83185287680974,13.029264613837,"{""alpha"": 100.0}",1ae,target_holdout,ee,1ae,29,1am|1i|1p|1ao|1ab|1af|1x|1u|1l|1aj|1aa|1k|1s|1ac|1g|1y|1c|1t|1o|1w|1q|1v|1ai|1b|1ag|1n|1j|1m|1ah,8,4.341552364006153,1a|1ak|1al|1d|1e|1f|1h|1r
13.510775234933831,,,carbonyl-alkyl-aryl,structure_pose,,1,,elastic_net,53.0,53.0,,66.51077523493383,68.06696649166646,57.60104670022195,69.1927850241034,52.58515803284672,13.510775234933831,"{""alpha"": 1.0, ""l1_ratio"": 0.8}",1ae,target_holdout,ee,1ae,29,1am|1i|1p|1ao|1ab|1af|1x|1u|1l|1aj|1aa|1k|1s|1ac|1g|1y|1c|1t|1o|1w|1q|1v|1ai|1b|1ag|1n|1j|1m|1ah,8,3.8429118538533524,1a|1ak|1al|1d|1e|1f|1h|1r
21.92070877115266,,,carbonyl-alkyl-aryl,structure_pose,,1,,lightgbm,53.0,53.0,,74.92070877115266,81.29858239960399,69.81921249592538,91.57624353915699,66.95936127210818,21.92070877115266,"{""learning_rate"": 0.1, ""n_estimators"": 25, ""num_leaves"": 7}",1ae,target_holdout,ee,1ae,29,1am|1i|1p|1ao|1ab|1af|1x|1u|1l|1aj|1aa|1k|1s|1ac|1g|1y|1c|1t|1o|1w|1q|1v|1ai|1b|1ag|1n|1j|1m|1ah,8,4.910706941140585,1a|1ak|1al|1d|1e|1f|1h|1r
26.965517241379317,111.79709804792493,48.1339364348337,carbonyl-alkyl-aryl,structure_pose,16.24060245231919,1,,gaussian_process,53.0,53.0,,79.96551724137932,89.33103448275864,67.93103448275873,93.53103448275863,67.93103448275866,26.965517241379317,"{""alpha"": 1e-06, ""kernel"": ""1**2 * RBF(length_scale=2) + WhiteKernel(noise_level=10)""}",1ae,target_holdout,ee,1ae,29,1am|1i|1p|1ao|1ab|1af|1x|1u|1l|1aj|1aa|1k|1s|1ac|1g|1y|1c|1t|1o|1w|1q|1v|1ai|1b|1ag|1n|1j|1m|1ah,8,10.892241379310322,1a|1ak|1al|1d|1e|1f|1h|1r
5.786365158569367,,,carbonyl-alkyl-aryl,structure_pose,,1,,ridge_regression,61.0,61.0,,66.78636515856937,70.26160444353786,60.93715267806294,73.34402164622014,59.83468301647166,5.786365158569367,"{""alpha"": 100.0}",1af,target_holdout,ee,1af,29,1am|1i|1p|1ao|1ab|1x|1ae|1u|1l|1aj|1aa|1k|1s|1ac|1g|1y|1c|1t|1o|1w|1q|1v|1ai|1b|1n|1ag|1j|1m|1ah,8,4.120625150847513,1a|1ak|1al|1d|1e|1f|1h|1r
5.773472218713778,,,carbonyl-alkyl-aryl,structure_pose,,1,,elastic_net,61.0,61.0,,66.77347221871378,69.82173824768995,58.673321042016276,71.89659471980522,55.51231170312623,5.773472218713778,"{""alpha"": 1.0, ""l1_ratio"": 0.8}",1af,target_holdout,ee,1af,29,1am|1i|1p|1ao|1ab|1x|1ae|1u|1l|1aj|1aa|1k|1s|1ac|1g|1y|1c|1t|1o|1w|1q|1v|1ai|1b|1n|1ag|1j|1m|1ah,8,3.9284845765378638,1a|1ak|1al|1d|1e|1f|1h|1r
5.1662560773775965,,,carbonyl-alkyl-aryl,structure_pose,,1,,lightgbm,61.0,61.0,,66.1662560773776,68.3829452279048,58.366585979878664,72.0906681095026,51.90071915786258,5.1662560773775965,"{""learning_rate"": 0.1, ""n_estimators"": 25, ""num_leaves"": 3}",1af,target_holdout,ee,1af,29,1am|1i|1p|1ao|1ab|1x|1ae|1u|1l|1aj|1aa|1k|1s|1ac|1g|1y|1c|1t|1o|1w|1q|1v|1ai|1b|1n|1ag|1j|1m|1ah,8,4.362443067657521,1a|1ak|1al|1d|1e|1f|1h|1r
18.689655172413794,112.2723597251056,47.106950619721985,carbonyl-alkyl-aryl,structure_pose,16.62382885341419,1,,gaussian_process,61.0,61.0,,79.6896551724138,88.77931034482759,67.3793103448277,92.97931034482758,67.37931034482762,18.689655172413794,"{""alpha"": 1e-06, ""kernel"": ""1**2 * RBF(length_scale=2) + WhiteKernel(noise_level=10)""}",1af,target_holdout,ee,1af,29,1am|1i|1p|1ao|1ab|1x|1ae|1u|1l|1aj|1aa|1k|1s|1ac|1g|1y|1c|1t|1o|1w|1q|1v|1ai|1b|1n|1ag|1j|1m|1ah,8,11.030172413793082,1a|1ak|1al|1d|1e|1f|1h|1r
16.717046246775666,,,carbonyl-alkyl-aryl,structure_pose,,1,,ridge_regression,90.0,90.0,,73.28295375322433,79.03785553494622,64.70047220538093,80.40499968766638,62.95134793324103,-16.717046246775666,"{""alpha"": 10.0}",1ag,target_holdout,ee,1ag,29,1am|1i|1p|1ao|1ab|1af|1x|1u|1l|1aj|1aa|1k|1s|1ac|1g|1y|1c|1t|1o|1w|1q|1v|1ai|1b|1n|1j|1m|1ah|1d,8,5.21930334959929,1a|1ae|1ak|1al|1e|1f|1h|1r
15.69408419412298,,,carbonyl-alkyl-aryl,structure_pose,,1,,elastic_net,90.0,90.0,,74.30591580587702,76.84882010748754,64.04096191162105,80.01046477204565,59.4430680160319,-15.69408419412298,"{""alpha"": 1.0, ""l1_ratio"": 0.8}",1ag,target_holdout,ee,1ag,29,1am|1i|1p|1ao|1ab|1af|1x|1u|1l|1aj|1aa|1k|1s|1ac|1g|1y|1c|1t|1o|1w|1q|1v|1ai|1b|1n|1j|1m|1ah|1d,8,4.7869882522694756,1a|1ae|1ak|1al|1e|1f|1h|1r
27.28718567985127,,,carbonyl-alkyl-aryl,structure_pose,,1,,lightgbm,90.0,90.0,,62.71281432014873,63.452897002739874,53.19779222693705,64.76581777531133,47.0321138631842,-27.28718567985127,"{""learning_rate"": 0.1, ""n_estimators"": 25, ""num_leaves"": 3}",1ag,target_holdout,ee,1ag,29,1am|1i|1p|1ao|1ab|1af|1x|1u|1l|1aj|1aa|1k|1s|1ac|1g|1y|1c|1t|1o|1w|1q|1v|1ai|1b|1n|1j|1m|1ah|1d,8,4.658147187142553,1a|1ae|1ak|1al|1e|1f|1h|1r
10.034482758620683,111.79709804792493,48.1339364348337,carbonyl-alkyl-aryl,structure_pose,16.240602452319195,1,,gaussian_process,90.0,90.0,,79.96551724137932,98.53103448275863,67.93103448275872,104.83103448275864,67.93103448275866,-10.034482758620683,"{""alpha"": 1e-06, ""kernel"": ""1**2 * RBF(length_scale=2) + WhiteKernel(noise_level=10)""}",1ag,target_holdout,ee,1ag,29,1am|1i|1p|1ao|1ab|1af|1x|1u|1l|1aj|1aa|1k|1s|1ac|1g|1y|1c|1t|1o|1w|1q|1v|1ai|1b|1n|1j|1m|1ah|1d,8,13.008620689655153,1a|1ae|1ak|1al|1e|1f|1h|1r
17.684583861929113,,,alkyl-aryl-chain,structure_pose,,1,,ridge_regression,50.0,50.0,,67.68458386192911,79.04930027279906,60.810999982899276,82.6696726553428,60.117576977648156,17.684583861929113,"{""alpha"": 100.0}",1ah,target_holdout,ee,1ah,29,1am|1i|1p|1ao|1ab|1af|1x|1u|1l|1aj|1aa|1k|1s|1ac|1g|1y|1c|1t|1w|1o|1q|1v|1ai|1b|1ag|1n|1j|1m|1d,8,6.180372730366196,1a|1ae|1ak|1al|1e|1f|1h|1r
14.566276987667806,,,alkyl-aryl-chain,structure_pose,,1,,elastic_net,50.0,50.0,,64.5662769876678,72.63733006752956,55.50765896677753,77.27267083984438,52.894613587662164,14.566276987667806,"{""alpha"": 1.0, ""l1_ratio"": 0.5}",1ah,target_holdout,ee,1ah,29,1am|1i|1p|1ao|1ab|1af|1x|1u|1l|1aj|1aa|1k|1s|1ac|1g|1y|1c|1t|1w|1o|1q|1v|1ai|1b|1ag|1n|1j|1m|1d,8,5.7920869187020365,1a|1ae|1ak|1al|1e|1f|1h|1r
4.8821764593216415,,,alkyl-aryl-chain,structure_pose,,1,,lightgbm,50.0,50.0,,54.88217645932164,56.98314037258952,52.133296744118816,58.4353148303781,52.077585538444126,4.8821764593216415,"{""learning_rate"": 0.1, ""n_estimators"": 75, ""num_leaves"": 3}",1ah,target_holdout,ee,1ah,29,1am|1i|1p|1ao|1ab|1af|1x|1u|1l|1aj|1aa|1k|1s|1ac|1g|1y|1c|1t|1w|1o|1q|1v|1ai|1b|1ag|1n|1j|1m|1d,8,1.861720152655491,1a|1ae|1ak|1al|1e|1f|1h|1r
31.34482758620689,111.35034834715829,51.33930682525549,alkyl-aryl-chain,structure_pose,15.308939163750715,1,,gaussian_process,50.0,50.0,,81.34482758620689,101.28965517241377,70.68965517241384,107.58965517241379,70.6896551724138,31.34482758620689,"{""alpha"": 1e-06, ""kernel"": ""1**2 * RBF(length_scale=2) + WhiteKernel(noise_level=10)""}",1ah,target_holdout,ee,1ah,29,1am|1i|1p|1ao|1ab|1af|1x|1u|1l|1aj|1aa|1k|1s|1ac|1g|1y|1c|1t|1w|1o|1q|1v|1ai|1b|1ag|1n|1j|1m|1d,8,12.663793103448267,1a|1ae|1ak|1al|1e|1f|1h|1r
30.92382576971339,,,alkyl-aryl-chain,structure_pose,,1,,ridge_regression,50.0,50.0,,80.92382576971339,92.37471316743365,78.43091963959085,92.74774114517234,78.38260967708358,30.92382576971339,"{""alpha"": 0.1}",1ai,target_holdout,ee,1ai,29,1am|1i|1p|1ao|1ab|1af|1x|1u|1l|1aj|1aa|1k|1s|1ac|1g|1y|1c|1t|1w|1o|1q|1v|1b|1ag|1n|1j|1m|1ah|1d,8,4.075259937136936,1a|1ae|1ak|1al|1e|1f|1h|1r
25.383281561120597,,,alkyl-aryl-chain,structure_pose,,1,,elastic_net,50.0,50.0,,75.3832815611206,85.30511066215038,71.4562594304038,88.1655445208647,70.19781772291543,25.383281561120597,"{""alpha"": 1.0, ""l1_ratio"": 0.2}",1ai,target_holdout,ee,1ai,29,1am|1i|1p|1ao|1ab|1af|1x|1u|1l|1aj|1aa|1k|1s|1ac|1g|1y|1c|1t|1w|1o|1q|1v|1b|1ag|1n|1j|1m|1ah|1d,8,4.539071802392192,1a|1ae|1ak|1al|1e|1f|1h|1r
30.467237235538633,,,alkyl-aryl-chain,structure_pose,,1,,lightgbm,50.0,50.0,,80.46723723553863,89.6722259718716,79.36605790118794,95.24527118646282,78.52813946098395,30.467237235538633,"{""learning_rate"": 0.1, ""n_estimators"": 75, ""num_leaves"": 3}",1ai,target_holdout,ee,1ai,29,1am|1i|1p|1ao|1ab|1af|1x|1u|1l|1aj|1aa|1k|1s|1ac|1g|1y|1c|1t|1w|1o|1q|1v|1b|1ag|1n|1j|1m|1ah|1d,8,3.949574147705677,1a|1ae|1ak|1al|1e|1f|1h|1r
31.34482758620689,111.35034834715829,51.33930682525549,alkyl-aryl-chain,structure_pose,15.308939163750715,1,,gaussian_process,50.0,50.0,,81.34482758620689,101.28965517241377,70.68965517241384,107.58965517241379,70.6896551724138,31.34482758620689,"{""alpha"": 1e-06, ""kernel"": ""1**2 * RBF(length_scale=2) + WhiteKernel(noise_level=10)""}",1ai,target_holdout,ee,1ai,29,1am|1i|1p|1ao|1ab|1af|1x|1u|1l|1aj|1aa|1k|1s|1ac|1g|1y|1c|1t|1w|1o|1q|1v|1b|1ag|1n|1j|1m|1ah|1d,8,12.663793103448265,1a|1ae|1ak|1al|1e|1f|1h|1r
8.400147469462944,,,cycloalkyl-alkyl-aryl,structure_pose,,1,,ridge_regression,44.0,44.0,,52.400147469462944,65.72129923089345,49.77986324526352,66.45869632696848,49.3333206118626,8.400147469462944,"{""alpha"": 100.0}",1aj,target_holdout,ee,1aj,29,1i|1am|1p|1ao|1ab|1af|1x|1u|1k|1e|1ac|1s|1aa|1al|1y|1v|1c|1o|1w|1t|1q|1ai|1b|1m|1ag|1n|1h|1j|1ah,8,6.179308016566743,1a|1ae|1ak|1d|1f|1g|1l|1r
23.194621820558524,,,cycloalkyl-alkyl-aryl,structure_pose,,1,,elastic_net,44.0,44.0,,67.19462182055852,82.65707931721208,65.58778489176248,84.3842946631419,65.36062310614997,23.194621820558524,"{""alpha"": 1.0, ""l1_ratio"": 0.5}",1aj,target_holdout,ee,1aj,29,1i|1am|1p|1ao|1ab|1af|1x|1u|1k|1e|1ac|1s|1aa|1al|1y|1v|1c|1o|1w|1t|1q|1ai|1b|1m|1ag|1n|1h|1j|1ah,8,5.79502483486865,1a|1ae|1ak|1d|1f|1g|1l|1r
12.362616893818426,,,cycloalkyl-alkyl-aryl,structure_pose,,1,,lightgbm,44.0,44.0,,56.362616893818426,58.865450605139515,55.23337535622602,59.45641120001312,55.09853842461558,12.362616893818426,"{""learning_rate"": 0.1, ""n_estimators"": 75, ""num_leaves"": 3}",1aj,target_holdout,ee,1aj,29,1i|1am|1p|1ao|1ab|1af|1x|1u|1k|1e|1ac|1s|1aa|1al|1y|1v|1c|1o|1w|1t|1q|1ai|1b|1m|1ag|1n|1h|1j|1ah,8,1.396187113474932,1a|1ae|1ak|1d|1f|1g|1l|1r
37.310344827586206,110.63635839846643,51.984331256705985,cycloalkyl-alkyl-aryl,structure_pose,14.962251821877663,1,,gaussian_process,44.0,44.0,,81.3103448275862,101.22068965517241,71.32068965517242,107.52068965517242,70.79568965517241,37.310344827586206,"{""alpha"": 1e-06, ""kernel"": ""1**2 * RBF(length_scale=2) + WhiteKernel(noise_level=10)""}",1aj,target_holdout,ee,1aj,29,1i|1am|1p|1ao|1ab|1af|1x|1u|1k|1e|1ac|1s|1aa|1al|1y|1v|1c|1o|1w|1t|1q|1ai|1b|1m|1ag|1n|1h|1j|1ah,8,11.469827586206886,1a|1ae|1ak|1d|1f|1g|1l|1r
8.266591369891785,,,cycloalkyl-alkyl-aryl,structure_pose,,1,,ridge_regression,65.0,65.0,,73.26659136989178,78.34404745629666,67.45384840188582,84.30790385187075,66.06917963286452,8.266591369891785,"{""alpha"": 100.0}",1ak,target_holdout,ee,1ak,29,1i|1am|1p|1ao|1ab|1af|1x|1u|1l|1aj|1aa|1k|1s|1ac|1g|1y|1c|1w|1t|1o|1q|1v|1ai|1b|1ag|1n|1j|1m|1ah,8,4.936886519499312,1a|1ae|1al|1d|1e|1f|1h|1r
4.428720460929213,,,cycloalkyl-alkyl-aryl,structure_pose,,1,,elastic_net,65.0,65.0,,69.42872046092921,73.8437574701196,59.9854068823466,79.47071373234687,56.81470916610597,4.428720460929213,"{""alpha"": 1.0, ""l1_ratio"": 0.5}",1ak,target_holdout,ee,1ak,29,1i|1am|1p|1ao|1ab|1af|1x|1u|1l|1aj|1aa|1k|1s|1ac|1g|1y|1c|1w|1t|1o|1q|1v|1ai|1b|1ag|1n|1j|1m|1ah,8,4.898044715633111,1a|1ae|1al|1d|1e|1f|1h|1r
19.642767786338496,,,cycloalkyl-alkyl-aryl,structure_pose,,1,,lightgbm,65.0,65.0,,84.6427677863385,91.64408873807967,80.05617650547856,101.69967999923384,76.41646139264897,19.642767786338496,"{""learning_rate"": 0.1, ""n_estimators"": 75, ""num_leaves"": 7}",1ak,target_holdout,ee,1ak,29,1i|1am|1p|1ao|1ab|1af|1x|1u|1l|1aj|1aa|1k|1s|1ac|1g|1y|1c|1w|1t|1o|1q|1v|1ai|1b|1ag|1n|1j|1m|1ah,8,5.043965909877068,1a|1ae|1al|1d|1e|1f|1h|1r
14.965517241379317,111.79709804792493,48.1339364348337,cycloalkyl-alkyl-aryl,structure_pose,16.240602452319195,1,,gaussian_process,65.0,65.0,,79.96551724137932,92.93103448275863,67.93103448275873,103.43103448275863,67.93103448275866,14.965517241379317,"{""alpha"": 1e-06, ""kernel"": ""1**2 * RBF(length_scale=2) + WhiteKernel(noise_level=10)""}",1ak,target_holdout,ee,1ak,29,1i|1am|1p|1ao|1ab|1af|1x|1u|1l|1aj|1aa|1k|1s|1ac|1g|1y|1c|1w|1t|1o|1q|1v|1ai|1b|1ag|1n|1j|1m|1ah,8,12.392241379310322,1a|1ae|1al|1d|1e|1f|1h|1r
9.932580338882673,,,cycloalkyl-alkyl-aryl,structure_pose,,1,,ridge_regression,73.0,73.0,,63.06741966111733,71.92227805729871,58.162575567571864,73.74844893009161,56.55982702334707,-9.932580338882673,"{""alpha"": 0.1}",1al,target_holdout,ee,1al,29,1i|1am|1p|1ao|1ab|1af|1x|1u|1l|1aj|1aa|1k|1s|1ac|1g|1y|1c|1w|1t|1o|1q|1v|1ai|1b|1ag|1n|1j|1m|1ah,8,4.703485015280835,1a|1ae|1ak|1d|1e|1f|1h|1r
15.59758009121218,,,cycloalkyl-alkyl-aryl,structure_pose,,1,,elastic_net,73.0,73.0,,57.40241990878782,63.59575032258862,54.13261084849914,69.08383393843839,52.052337814413974,-15.59758009121218,"{""alpha"": 1.0, ""l1_ratio"": 0.8}",1al,target_holdout,ee,1al,29,1i|1am|1p|1ao|1ab|1af|1x|1u|1l|1aj|1aa|1k|1s|1ac|1g|1y|1c|1w|1t|1o|1q|1v|1ai|1b|1ag|1n|1j|1m|1ah,8,3.5820612468185598,1a|1ae|1ak|1d|1e|1f|1h|1r
12.70551474890815,,,cycloalkyl-alkyl-aryl,structure_pose,,1,,lightgbm,73.0,73.0,,60.29448525109185,74.66546886091079,56.46951119517061,77.96523452301157,56.32473508388555,-12.70551474890815,"{""learning_rate"": 0.1, ""n_estimators"": 75, ""num_leaves"": 3}",1al,target_holdout,ee,1al,29,1i|1am|1p|1ao|1ab|1af|1x|1u|1l|1aj|1aa|1k|1s|1ac|1g|1y|1c|1w|1t|1o|1q|1v|1ai|1b|1ag|1n|1j|1m|1ah,8,5.829356192801802,1a|1ae|1ak|1d|1e|1f|1h|1r
6.965517241379317,111.79709804792493,48.1339364348337,cycloalkyl-alkyl-aryl,structure_pose,16.240602452319195,1,,gaussian_process,73.0,73.0,,79.96551724137932,98.53103448275863,67.93103448275873,104.83103448275864,67.93103448275866,6.965517241379317,"{""alpha"": 1e-06, ""kernel"": ""1**2 * RBF(length_scale=2) + WhiteKernel(noise_level=10)""}",1al,target_holdout,ee,1al,29,1i|1am|1p|1ao|1ab|1af|1x|1u|1l|1aj|1aa|1k|1s|1ac|1g|1y|1c|1w|1t|1o|1q|1v|1ai|1b|1ag|1n|1j|1m|1ah,8,13.392241379310322,1a|1ae|1ak|1d|1e|1f|1h|1r
32.278790915930415,,,cycloalkyl-aryl,structure_pose,,1,,ridge_regression,45.0,45.0,,77.27879091593041,89.84221047187228,72.04496218719846,91.95259886407399,69.71338986385938,32.278790915930415,"{""alpha"": 0.1}",1am,target_holdout,ee,1am,29,1i|1al|1u|1ao|1ab|1af|1x|1p|1l|1aa|1k|1s|1ac|1g|1y|1c|1w|1t|1o|1q|1v|1ai|1b|1ag|1n|1j|1m|1ah|1d,8,6.546666547852523,1a|1ae|1aj|1ak|1e|1f|1h|1r
25.884981254708833,,,cycloalkyl-aryl,structure_pose,,1,,elastic_net,45.0,45.0,,70.88498125470883,88.19858795553387,65.67477754528682,90.84153972952296,62.20181882714246,25.884981254708833,"{""alpha"": 0.01, ""l1_ratio"": 0.2}",1am,target_holdout,ee,1am,29,1i|1al|1u|1ao|1ab|1af|1x|1p|1l|1aa|1k|1s|1ac|1g|1y|1c|1w|1t|1o|1q|1v|1ai|1b|1ag|1n|1j|1m|1ah|1d,8,8.065213096623113,1a|1ae|1aj|1ak|1e|1f|1h|1r
34.49639808416036,,,cycloalkyl-aryl,structure_pose,,1,,lightgbm,45.0,45.0,,79.49639808416036,113.36123571433231,74.98716222383959,119.09264244259582,74.65236383939185,34.49639808416036,"{""learning_rate"": 0.03, ""n_estimators"": 75, ""num_leaves"": 3}",1am,target_holdout,ee,1am,29,1i|1al|1u|1ao|1ab|1af|1x|1p|1l|1aa|1k|1s|1ac|1g|1y|1c|1w|1t|1o|1q|1v|1ai|1b|1ag|1n|1j|1m|1ah|1d,8,10.757623142560139,1a|1ae|1aj|1ak|1e|1f|1h|1r
37.51724137931035,108.49214739098724,56.542335367633456,cycloalkyl-aryl,structure_pose,13.252503067182086,1,,gaussian_process,45.0,45.0,,82.51724137931035,114.73448275862069,73.03448275862071,119.45948275862071,73.0344827586207,37.51724137931035,"{""alpha"": 1e-06, ""kernel"": ""1**2 * RBF(length_scale=2) + WhiteKernel(noise_level=10)""}",1am,target_holdout,ee,1am,29,1i|1al|1u|1ao|1ab|1af|1x|1p|1l|1aa|1k|1s|1ac|1g|1y|1c|1w|1t|1o|1q|1v|1ai|1b|1ag|1n|1j|1m|1ah|1d,8,15.995689655172411,1a|1ae|1aj|1ak|1e|1f|1h|1r
22.222275755136266,,,branched-diaryl-alkyl,structure_pose,,1,,ridge_regression,72.0,72.0,,49.777724244863734,61.458544616056024,44.67650932619106,63.68010783875977,42.79665422636539,-22.222275755136266,"{""alpha"": 0.1}",1ao,target_holdout,ee,1ao,29,1l|1am|1af|1y|1s|1x|1i|1ab|1p|1aa|1k|1al|1ac|1g|1u|1c|1t|1w|1o|1q|1v|1ai|1b|1ag|1n|1j|1m|1ah|1d,8,6.115989314684319,1a|1ae|1aj|1ak|1e|1f|1h|1r
13.31213829732738,,,branched-diaryl-alkyl,structure_pose,,1,,elastic_net,72.0,72.0,,58.68786170267262,75.32917373846199,53.73793076504184,78.81847778536815,50.98329416109009,-13.31213829732738,"{""alpha"": 0.01, ""l1_ratio"": 0.2}",1ao,target_holdout,ee,1ao,29,1l|1am|1af|1y|1s|1x|1i|1ab|1p|1aa|1k|1al|1ac|1g|1u|1c|1t|1w|1o|1q|1v|1ai|1b|1ag|1n|1j|1m|1ah|1d,8,7.867249201536593,1a|1ae|1aj|1ak|1e|1f|1h|1r
0.6180070206502535,,,branched-diaryl-alkyl,structure_pose,,1,,lightgbm,72.0,72.0,,72.61800702065025,84.6992171763167,70.33066180624111,89.02981785195897,69.31446431032496,0.6180070206502535,"{""learning_rate"": 0.1, ""n_estimators"": 25, ""num_leaves"": 3}",1ao,target_holdout,ee,1ao,29,1l|1am|1af|1y|1s|1x|1i|1ab|1p|1aa|1k|1al|1ac|1g|1u|1c|1t|1w|1o|1q|1v|1ai|1b|1ag|1n|1j|1m|1ah|1d,8,5.243529840005666,1a|1ae|1aj|1ak|1e|1f|1h|1r
9.58620689655173,110.62357461171732,52.54883918138614,branched-diaryl-alkyl,structure_pose,14.814983528145708,1,,gaussian_process,72.0,72.0,,81.58620689655173,112.87241379310346,71.17241379310347,117.59741379310347,71.17241379310346,9.58620689655173,"{""alpha"": 1e-06, ""kernel"": ""1**2 * RBF(length_scale=2) + WhiteKernel(noise_level=1)""}",1ao,target_holdout,ee,1ao,29,1l|1am|1af|1y|1s|1x|1i|1ab|1p|1aa|1k|1al|1ac|1g|1u|1c|1t|1w|1o|1q|1v|1ai|1b|1ag|1n|1j|1m|1ah|1d,8,16.228448275862064,1a|1ae|1aj|1ak|1e|1f|1h|1r
0.45937303692114995,,,diaryl-ethyl-aryl-substituted,structure_pose,,1,,ridge_regression,80.0,80.0,,79.54062696307885,88.34840135402588,71.68354210873103,90.2406165780445,70.27764213842852,-0.45937303692114995,"{""alpha"": 10.0}",1b,target_holdout,ee,1b,29,1am|1i|1p|1ao|1ab|1af|1x|1u|1l|1aj|1aa|1k|1s|1ac|1g|1y|1c|1t|1w|1o|1q|1v|1ai|1ag|1n|1j|1ah|1m|1d,8,5.715968071138856,1a|1ae|1ak|1al|1e|1f|1h|1r
2.098385490426324,,,diaryl-ethyl-aryl-substituted,structure_pose,,1,,elastic_net,80.0,80.0,,82.09838549042632,89.58934895342318,72.83032767599914,92.68322238435444,69.98715654464134,2.098385490426324,"{""alpha"": 1.0, ""l1_ratio"": 0.5}",1b,target_holdout,ee,1b,29,1am|1i|1p|1ao|1ab|1af|1x|1u|1l|1aj|1aa|1k|1s|1ac|1g|1y|1c|1t|1w|1o|1q|1v|1ai|1ag|1n|1j|1ah|1m|1d,8,5.474210677286729,1a|1ae|1ak|1al|1e|1f|1h|1r
9.974815067989837,,,diaryl-ethyl-aryl-substituted,structure_pose,,1,,lightgbm,80.0,80.0,,70.02518493201016,80.99859501778022,63.39839521469776,94.27895412601502,57.37306479603541,-9.974815067989837,"{""learning_rate"": 0.1, ""n_estimators"": 75, ""num_leaves"": 3}",1b,target_holdout,ee,1b,29,1am|1i|1p|1ao|1ab|1af|1x|1u|1l|1aj|1aa|1k|1s|1ac|1g|1y|1c|1t|1w|1o|1q|1v|1ai|1ag|1n|1j|1ah|1m|1d,8,7.091108821399657,1a|1ae|1ak|1al|1e|1f|1h|1r
0.3103448275862064,112.34362422092741,48.277065434244996,diaryl-ethyl-aryl-substituted,structure_pose,16.343509894561844,1,,gaussian_process,80.0,80.0,,80.3103448275862,99.22068965517241,68.62068965517247,105.52068965517242,68.62068965517243,0.3103448275862064,"{""alpha"": 1e-06, ""kernel"": ""1**2 * RBF(length_scale=2) + WhiteKernel(noise_level=10)""}",1b,target_holdout,ee,1b,29,1am|1i|1p|1ao|1ab|1af|1x|1u|1l|1aj|1aa|1k|1s|1ac|1g|1y|1c|1t|1w|1o|1q|1v|1ai|1ag|1n|1j|1ah|1m|1d,8,12.922413793103436,1a|1ae|1ak|1al|1e|1f|1h|1r
3.3906566904805544,,,diaryl-ethyl-aryl-substituted,structure_pose,,1,,ridge_regression,92.0,92.0,,88.60934330951945,97.61420073551729,80.65156949781255,99.96331917040439,79.17289356178027,-3.3906566904805544,"{""alpha"": 10.0}",1c,target_holdout,ee,1c,29,1am|1i|1p|1ao|1ab|1af|1x|1u|1l|1aj|1aa|1k|1s|1ac|1g|1y|1b|1w|1t|1o|1q|1v|1ai|1ag|1n|1j|1m|1ah|1d,8,5.902240373470999,1a|1ae|1ak|1al|1e|1f|1h|1r
5.045620890615581,,,diaryl-ethyl-aryl-substituted,structure_pose,,1,,elastic_net,92.0,92.0,,86.95437910938442,92.71470536803278,77.85439749001972,99.21928093882563,71.86200957752853,-5.045620890615581,"{""alpha"": 1.0, ""l1_ratio"": 0.8}",1c,target_holdout,ee,1c,29,1am|1i|1p|1ao|1ab|1af|1x|1u|1l|1aj|1aa|1k|1s|1ac|1g|1y|1b|1w|1t|1o|1q|1v|1ai|1ag|1n|1j|1m|1ah|1d,8,5.4804172207496915,1a|1ae|1ak|1al|1e|1f|1h|1r
3.0696256549153276,,,diaryl-ethyl-aryl-substituted,structure_pose,,1,,lightgbm,92.0,92.0,,88.93037434508467,106.8203627980271,83.34564332255182,107.39804775218185,78.21219250258204,-3.0696256549153276,"{""learning_rate"": 0.1, ""n_estimators"": 75, ""num_leaves"": 7}",1c,target_holdout,ee,1c,29,1am|1i|1p|1ao|1ab|1af|1x|1u|1l|1aj|1aa|1k|1s|1ac|1g|1y|1b|1w|1t|1o|1q|1v|1ai|1ag|1n|1j|1m|1ah|1d,8,7.3118443515229945,1a|1ae|1ak|1al|1e|1f|1h|1r
12.103448275862064,111.63587063396945,48.157232814306425,diaryl-ethyl-aryl-substituted,structure_pose,16.193530056036487,1,,gaussian_process,92.0,92.0,,79.89655172413794,98.39310344827587,67.79310344827597,104.69310344827588,67.7931034482759,-12.103448275862064,"{""alpha"": 1e-06, ""kernel"": ""1**2 * RBF(length_scale=2) + WhiteKernel(noise_level=10)""}",1c,target_holdout,ee,1c,29,1am|1i|1p|1ao|1ab|1af|1x|1u|1l|1aj|1aa|1k|1s|1ac|1g|1y|1b|1w|1t|1o|1q|1v|1ai|1ag|1n|1j|1m|1ah|1d,8,13.025862068965496,1a|1ae|1ak|1al|1e|1f|1h|1r
2.139506637312593,,,diaryl-ethyl-aryl-substituted,structure_pose,,1,,ridge_regression,90.0,90.0,,92.13950663731259,100.99436503349396,84.23044302888948,102.82053590628686,82.71280548104481,2.139506637312593,"{""alpha"": 0.1}",1d,target_holdout,ee,1d,29,1am|1i|1p|1ao|1ab|1af|1x|1u|1l|1aj|1aa|1k|1s|1ac|1g|1y|1c|1t|1w|1o|1q|1v|1ai|1b|1ag|1n|1j|1m|1ah,8,5.677619227977097,1a|1ae|1ak|1al|1e|1f|1h|1r
0.2458689981923925,,,diaryl-ethyl-aryl-substituted,structure_pose,,1,,elastic_net,90.0,90.0,,90.24586899819239,96.92126692849085,80.80255541960977,100.85295249988704,77.63185770336914,0.2458689981923925,"{""alpha"": 1.0, ""l1_ratio"": 0.5}",1d,target_holdout,ee,1d,29,1am|1i|1p|1ao|1ab|1af|1x|1u|1l|1aj|1aa|1k|1s|1ac|1g|1y|1c|1t|1w|1o|1q|1v|1ai|1b|1ag|1n|1j|1m|1ah,8,5.420901148475209,1a|1ae|1ak|1al|1e|1f|1h|1r
1.255268802510244,,,diaryl-ethyl-aryl-substituted,structure_pose,,1,,lightgbm,90.0,90.0,,91.25526880251024,111.12783904293121,86.6686775216503,111.52999333757553,83.02896240882072,1.255268802510244,"{""learning_rate"": 0.1, ""n_estimators"": 75, ""num_leaves"": 7}",1d,target_holdout,ee,1d,29,1am|1i|1p|1ao|1ab|1af|1x|1u|1l|1aj|1aa|1k|1s|1ac|1g|1y|1c|1t|1w|1o|1q|1v|1ai|1b|1ag|1n|1j|1m|1ah,8,7.342403282855599,1a|1ae|1ak|1al|1e|1f|1h|1r
10.034482758620683,111.79709804792493,48.1339364348337,diaryl-ethyl-aryl-substituted,structure_pose,16.24060245231919,1,,gaussian_process,90.0,90.0,,79.96551724137932,98.53103448275863,67.93103448275873,104.83103448275864,67.93103448275866,-10.034482758620683,"{""alpha"": 1e-06, ""kernel"": ""1**2 * RBF(length_scale=2) + WhiteKernel(noise_level=10)""}",1d,target_holdout,ee,1d,29,1am|1i|1p|1ao|1ab|1af|1x|1u|1l|1aj|1aa|1k|1s|1ac|1g|1y|1c|1t|1w|1o|1q|1v|1ai|1b|1ag|1n|1j|1m|1ah,8,13.008620689655151,1a|1ae|1ak|1al|1e|1f|1h|1r
7.041842152511862,,,diaryl-ethyl-aryl-substituted,structure_pose,,1,,ridge_regression,92.0,92.0,,84.95815784748814,93.81301624366952,79.18609229803144,95.63918711646241,76.06570620596196,-7.041842152511862,"{""alpha"": 0.1}",1e,target_holdout,ee,1e,29,1am|1i|1p|1ao|1ab|1af|1x|1u|1k|1aj|1aa|1l|1s|1ac|1g|1y|1c|1w|1t|1o|1q|1v|1ai|1b|1ag|1n|1j|1m|1ah,8,5.064827288577185,1a|1ae|1ak|1al|1d|1f|1h|1r
7.631486312159396,,,diaryl-ethyl-aryl-substituted,structure_pose,,1,,elastic_net,92.0,92.0,,84.3685136878406,91.04391161813906,77.92975816650011,94.97559718953528,72.50564190732787,-7.631486312159396,"{""alpha"": 1.0, ""l1_ratio"": 0.5}",1e,target_holdout,ee,1e,29,1am|1i|1p|1ao|1ab|1af|1x|1u|1k|1aj|1aa|1l|1s|1ac|1g|1y|1c|1w|1t|1o|1q|1v|1ai|1b|1ag|1n|1j|1m|1ah,8,4.497698984229343,1a|1ae|1ak|1al|1d|1f|1h|1r
3.742244849472627,,,diaryl-ethyl-aryl-substituted,structure_pose,,1,,lightgbm,92.0,92.0,,88.25775515052737,102.62873876034632,81.63349451617734,105.9285044224471,77.07255393025875,-3.742244849472627,"{""learning_rate"": 0.1, ""n_estimators"": 75, ""num_leaves"": 3}",1e,target_holdout,ee,1e,29,1am|1i|1p|1ao|1ab|1af|1x|1u|1k|1aj|1aa|1l|1s|1ac|1g|1y|1c|1w|1t|1o|1q|1v|1ai|1b|1ag|1n|1j|1m|1ah,8,6.949764930231242,1a|1ae|1ak|1al|1d|1f|1h|1r
12.034482758620683,111.79709804792493,48.1339364348337,diaryl-ethyl-aryl-substituted,structure_pose,16.240602452319195,1,,gaussian_process,92.0,92.0,,79.96551724137932,98.53103448275863,68.63103448275868,104.83103448275864,68.10603448275876,-12.034482758620683,"{""alpha"": 1e-06, ""kernel"": ""1**2 * RBF(length_scale=2) + WhiteKernel(noise_level=10)""}",1e,target_holdout,ee,1e,29,1am|1i|1p|1ao|1ab|1af|1x|1u|1k|1aj|1aa|1l|1s|1ac|1g|1y|1c|1w|1t|1o|1q|1v|1ai|1b|1ag|1n|1j|1m|1ah,8,12.758620689655151,1a|1ae|1ak|1al|1d|1f|1h|1r
2.597089621455396,,,diaryl-ethyl-aryl-substituted,structure_pose,,1,,ridge_regression,90.0,90.0,,87.4029103785446,97.09830372161994,81.59016741053865,99.59870717469119,80.20549864151734,-2.597089621455396,"{""alpha"": 100.0}",1f,target_holdout,ee,1f,29,1am|1i|1p|1ao|1ab|1af|1x|1u|1k|1aj|1aa|1l|1s|1ac|1g|1y|1c|1w|1o|1t|1q|1v|1ai|1b|1ag|1n|1j|1m|1ah,8,5.645574238053859,1a|1ae|1ak|1al|1d|1e|1h|1r
1.1996334307747958,,,diaryl-ethyl-aryl-substituted,structure_pose,,1,,elastic_net,90.0,90.0,,91.1996334307748,97.87503136107327,81.75631985219218,101.80671693246947,78.58562213595155,1.1996334307747958,"{""alpha"": 1.0, ""l1_ratio"": 0.5}",1f,target_holdout,ee,1f,29,1am|1i|1p|1ao|1ab|1af|1x|1u|1k|1aj|1aa|1l|1s|1ac|1g|1y|1c|1w|1o|1t|1q|1v|1ai|1b|1ag|1n|1j|1m|1ah,8,5.301680594402418,1a|1ae|1ak|1al|1d|1e|1h|1r
4.325238161939438,,,diaryl-ethyl-aryl-substituted,structure_pose,,1,,lightgbm,90.0,90.0,,94.32523816193944,108.69622177175839,87.7009775275894,111.99598743385917,83.14003694167081,4.325238161939438,"{""learning_rate"": 0.1, ""n_estimators"": 75, ""num_leaves"": 3}",1f,target_holdout,ee,1f,29,1am|1i|1p|1ao|1ab|1af|1x|1u|1k|1aj|1aa|1l|1s|1ac|1g|1y|1c|1w|1o|1t|1q|1v|1ai|1b|1ag|1n|1j|1m|1ah,8,6.876890766172891,1a|1ae|1ak|1al|1d|1e|1h|1r
10.034482758620669,111.79709804792495,48.133936434833714,diaryl-ethyl-aryl-substituted,structure_pose,16.240602452319195,1,,gaussian_process,90.0,90.0,,79.96551724137933,98.53103448275864,67.93103448275875,104.83103448275865,67.93103448275868,-10.034482758620669,"{""alpha"": 1e-06, ""kernel"": ""1**2 * RBF(length_scale=2) + WhiteKernel(noise_level=10)""}",1f,target_holdout,ee,1f,29,1am|1i|1p|1ao|1ab|1af|1x|1u|1k|1aj|1aa|1l|1s|1ac|1g|1y|1c|1w|1o|1t|1q|1v|1ai|1b|1ag|1n|1j|1m|1ah,8,13.008620689655153,1a|1ae|1ak|1al|1d|1e|1h|1r
2.5488040960785128,,,diaryl-ethyl-aryl-substituted,structure_pose,,1,,ridge_regression,90.0,90.0,,92.54880409607851,102.35837575805716,86.97281258378761,104.65544096369518,85.43911326665432,2.5488040960785128,"{""alpha"": 100.0}",1g,target_holdout,ee,1g,29,1am|1i|1p|1ao|1ab|1af|1x|1u|1k|1aj|1aa|1l|1s|1ac|1y|1v|1c|1o|1w|1t|1q|1h|1ai|1b|1m|1ag|1n|1j|1ah,8,5.563439822470171,1a|1ae|1ak|1al|1d|1e|1f|1r
0.049216670702293186,,,diaryl-ethyl-aryl-substituted,structure_pose,,1,,elastic_net,90.0,90.0,,89.9507833292977,95.92534174127198,80.87202831331102,101.44262380092569,75.79043067254877,-0.049216670702293186,"{""alpha"": 1.0, ""l1_ratio"": 0.8}",1g,target_holdout,ee,1g,29,1am|1i|1p|1ao|1ab|1af|1x|1u|1k|1aj|1aa|1l|1s|1ac|1y|1v|1c|1o|1w|1t|1q|1h|1ai|1b|1m|1ag|1n|1j|1ah,8,5.423258673888812,1a|1ae|1ak|1al|1d|1e|1f|1r
0.5244888748445931,,,diaryl-ethyl-aryl-substituted,structure_pose,,1,,lightgbm,90.0,90.0,,89.4755111251554,108.4942365588374,84.7084633073954,109.30859713308666,81.07064889657592,-0.5244888748445931,"{""learning_rate"": 0.1, ""n_estimators"": 75, ""num_leaves"": 7}",1g,target_holdout,ee,1g,29,1am|1i|1p|1ao|1ab|1af|1x|1u|1k|1aj|1aa|1l|1s|1ac|1y|1v|1c|1o|1w|1t|1q|1h|1ai|1b|1m|1ag|1n|1j|1ah,8,7.249951715162896,1a|1ae|1ak|1al|1d|1e|1f|1r
10.034482758620683,111.79709867322634,48.13393580953229,diaryl-ethyl-aryl-substituted,structure_pose,16.240602771350524,1,,gaussian_process,90.0,90.0,,79.96551724137932,98.53103448275863,67.93103448275863,104.83103448275864,67.93103448275863,-10.034482758620683,"{""alpha"": 1e-06, ""kernel"": ""1**2 * RBF(length_scale=0.5) + WhiteKernel(noise_level=1)""}",1g,target_holdout,ee,1g,29,1am|1i|1p|1ao|1ab|1af|1x|1u|1k|1aj|1aa|1l|1s|1ac|1y|1v|1c|1o|1w|1t|1q|1h|1ai|1b|1m|1ag|1n|1j|1ah,8,13.00862068965517,1a|1ae|1ak|1al|1d|1e|1f|1r
2.0788116095927194,,,diaryl-ethyl-aryl-substituted,structure_pose,,1,,ridge_regression,90.0,90.0,,87.92118839040728,97.61658173348263,82.10844542240132,100.11698518655386,80.72377665338001,-2.0788116095927194,"{""alpha"": 100.0}",1h,target_holdout,ee,1h,29,1am|1i|1p|1ao|1ab|1af|1x|1u|1l|1aj|1aa|1k|1s|1ac|1g|1y|1c|1w|1t|1o|1q|1v|1ai|1b|1ag|1n|1j|1m|1ah,8,5.7103589895366955,1a|1ae|1ak|1al|1d|1e|1f|1r
0.9128663810543713,,,diaryl-ethyl-aryl-substituted,structure_pose,,1,,elastic_net,90.0,90.0,,90.91286638105437,97.10619679485518,82.00313784634247,102.59428041070494,76.98724917896726,0.9128663810543713,"{""alpha"": 1.0, ""l1_ratio"": 0.8}",1h,target_holdout,ee,1h,29,1am|1i|1p|1ao|1ab|1af|1x|1u|1l|1aj|1aa|1k|1s|1ac|1g|1y|1c|1w|1t|1o|1q|1v|1ai|1b|1ag|1n|1j|1m|1ah,8,5.417650460588288,1a|1ae|1ak|1al|1d|1e|1f|1r
1.7803384436536192,,,diaryl-ethyl-aryl-substituted,structure_pose,,1,,lightgbm,90.0,90.0,,91.78033844365362,106.15132205347257,85.15607780930358,109.45108771557335,80.595137223385,1.7803384436536192,"{""learning_rate"": 0.1, ""n_estimators"": 75, ""num_leaves"": 3}",1h,target_holdout,ee,1h,29,1am|1i|1p|1ao|1ab|1af|1x|1u|1l|1aj|1aa|1k|1s|1ac|1g|1y|1c|1w|1t|1o|1q|1v|1ai|1b|1ag|1n|1j|1m|1ah,8,7.195003230958618,1a|1ae|1ak|1al|1d|1e|1f|1r
10.034482758620683,111.79709804792493,48.1339364348337,diaryl-ethyl-aryl-substituted,structure_pose,16.24060245231919,1,,gaussian_process,90.0,90.0,,79.96551724137932,98.53103448275863,67.93103448275873,104.83103448275864,67.93103448275866,-10.034482758620683,"{""alpha"": 1e-06, ""kernel"": ""1**2 * RBF(length_scale=2) + WhiteKernel(noise_level=10)""}",1h,target_holdout,ee,1h,29,1am|1i|1p|1ao|1ab|1af|1x|1u|1l|1aj|1aa|1k|1s|1ac|1g|1y|1c|1w|1t|1o|1q|1v|1ai|1b|1ag|1n|1j|1m|1ah,8,13.008620689655151,1a|1ae|1ak|1al|1d|1e|1f|1r
18.034580030177466,,,diaryl-ethyl-aryl-substituted,structure_pose,,1,,ridge_regression,73.0,73.0,,91.03458003017747,105.53532085684587,85.7490337590736,105.60022368085039,83.11836515906629,18.034580030177466,"{""alpha"": 0.1}",1i,target_holdout,ee,1i,29,1am|1q|1ao|1ab|1af|1x|1k|1s|1al|1l|1y|1ac|1w|1aa|1u|1g|1c|1t|1o|1p|1v|1ai|1b|1ag|1n|1j|1m|1ah|1d,8,6.9674254684304096,1a|1ae|1aj|1ak|1e|1f|1h|1r
10.614955130097655,,,diaryl-ethyl-aryl-substituted,structure_pose,,1,,elastic_net,73.0,73.0,,83.61495513009766,102.58218774711374,80.27217040020406,104.95788807361917,80.16838135945241,10.614955130097655,"{""alpha"": 1.0, ""l1_ratio"": 0.8}",1i,target_holdout,ee,1i,29,1am|1q|1ao|1ab|1af|1x|1k|1s|1al|1l|1y|1ac|1w|1aa|1u|1g|1c|1t|1o|1p|1v|1ai|1b|1ag|1n|1j|1m|1ah|1d,8,7.714702300660376,1a|1ae|1aj|1ak|1e|1f|1h|1r
20.679171295125926,,,diaryl-ethyl-aryl-substituted,structure_pose,,1,,lightgbm,73.0,73.0,,93.67917129512593,100.36051304291497,92.78343068730167,105.48330672437262,92.42535340987914,20.679171295125926,"{""learning_rate"": 0.1, ""n_estimators"": 75, ""num_leaves"": 3}",1i,target_holdout,ee,1i,29,1am|1q|1ao|1ab|1af|1x|1k|1s|1al|1l|1y|1ac|1w|1aa|1u|1g|1c|1t|1o|1p|1v|1ai|1b|1ag|1n|1j|1m|1ah|1d,8,3.0713343889237743,1a|1ae|1aj|1ak|1e|1f|1h|1r
8.551724137931032,110.63043515612245,52.473013119739626,diaryl-ethyl-aryl-substituted,structure_pose,14.836077050097657,1,,gaussian_process,73.0,73.0,,81.55172413793103,112.80344827586207,71.10344827586208,117.52844827586208,71.10344827586206,8.551724137931032,"{""alpha"": 1e-06, ""kernel"": ""1**2 * RBF(length_scale=2) + WhiteKernel(noise_level=1)""}",1i,target_holdout,ee,1i,29,1am|1q|1ao|1ab|1af|1x|1k|1s|1al|1l|1y|1ac|1w|1aa|1u|1g|1c|1t|1o|1p|1v|1ai|1b|1ag|1n|1j|1m|1ah|1d,8,16.23706896551724,1a|1ae|1aj|1ak|1e|1f|1h|1r
6.678666021390441,,,diaryl-ethyl-aryl-substituted,structure_pose,,1,,ridge_regression,95.0,95.0,,88.32133397860956,97.55192640549089,79.92635615609223,98.95154278184,78.83605209765824,-6.678666021390441,"{""alpha"": 0.1}",1j,target_holdout,ee,1j,29,1am|1i|1p|1ao|1ab|1af|1x|1u|1l|1aj|1aa|1k|1s|1ac|1g|1y|1c|1t|1o|1w|1q|1v|1ai|1b|1ag|1n|1m|1ah|1d,8,5.8621914051778505,1a|1ae|1ak|1al|1e|1f|1h|1r
5.927496705438088,,,diaryl-ethyl-aryl-substituted,structure_pose,,1,,elastic_net,95.0,95.0,,89.07250329456191,96.34565818959757,79.7618401388105,99.65278270284327,76.79670582450576,-5.927496705438088,"{""alpha"": 1.0, ""l1_ratio"": 0.5}",1j,target_holdout,ee,1j,29,1am|1i|1p|1ao|1ab|1af|1x|1u|1l|1aj|1aa|1k|1s|1ac|1g|1y|1c|1t|1o|1w|1q|1v|1ai|1b|1ag|1n|1m|1ah|1d,8,5.410595002819061,1a|1ae|1ak|1al|1e|1f|1h|1r
1.7423557130848906,,,diaryl-ethyl-aryl-substituted,structure_pose,,1,,lightgbm,95.0,95.0,,93.25764428691511,112.16592784423855,88.59159295043308,113.22589667568623,85.63402634025375,-1.7423557130848906,"{""learning_rate"": 0.1, ""n_estimators"": 75, ""num_leaves"": 7}",1j,target_holdout,ee,1j,29,1am|1i|1p|1ao|1ab|1af|1x|1u|1l|1aj|1aa|1k|1s|1ac|1g|1y|1c|1t|1o|1w|1q|1v|1ai|1b|1ag|1n|1m|1ah|1d,8,7.1239394286639985,1a|1ae|1ak|1al|1e|1f|1h|1r
15.206896551724142,111.36098358498677,48.225223311564946,diaryl-ethyl-aryl-substituted,structure_pose,16.10606129424026,1,,gaussian_process,95.0,95.0,,79.79310344827586,98.18620689655171,67.58620689655173,104.48620689655172,67.58620689655172,-15.206896551724142,"{""alpha"": 1e-06, ""kernel"": ""1**2 * RBF(length_scale=2) + WhiteKernel(noise_level=10)""}",1j,target_holdout,ee,1j,29,1am|1i|1p|1ao|1ab|1af|1x|1u|1l|1aj|1aa|1k|1s|1ac|1g|1y|1c|1t|1o|1w|1q|1v|1ai|1b|1ag|1n|1m|1ah|1d,8,13.051724137931032,1a|1ae|1ak|1al|1e|1f|1h|1r
8.771520991744026,,,diaryl-ethyl-aryl-substituted,structure_pose,,1,,ridge_regression,95.0,95.0,,86.22847900825597,95.46242134523695,79.82752377690514,97.05325850469198,77.97626824404142,-8.771520991744026,"{""alpha"": 0.1}",1k,target_holdout,ee,1k,29,1am|1i|1p|1ao|1ab|1af|1x|1u|1l|1aj|1aa|1d|1s|1ac|1j|1y|1v|1f|1o|1t|1w|1b|1q|1ai|1ag|1h|1n|1m|1ah,8,5.614148751211603,1a|1ae|1ak|1al|1c|1e|1g|1r
9.149985883731688,,,diaryl-ethyl-aryl-substituted,structure_pose,,1,,elastic_net,95.0,95.0,,85.85001411626831,94.70540565424938,78.74638312502105,97.47374314319113,76.54954393423044,-9.149985883731688,"{""alpha"": 1.0, ""l1_ratio"": 0.2}",1k,target_holdout,ee,1k,29,1am|1i|1p|1ao|1ab|1af|1x|1u|1l|1aj|1aa|1d|1s|1ac|1j|1y|1v|1f|1o|1t|1w|1b|1q|1ai|1ag|1h|1n|1m|1ah,8,5.677472400179889,1a|1ae|1ak|1al|1c|1e|1g|1r
14.800205141794308,,,diaryl-ethyl-aryl-substituted,structure_pose,,1,,lightgbm,95.0,95.0,,80.19979485820569,101.77622174331744,74.87800071297661,104.16167914399509,69.88589698454642,-14.800205141794308,"{""learning_rate"": 0.1, ""n_estimators"": 75, ""num_leaves"": 7}",1k,target_holdout,ee,1k,29,1am|1i|1p|1ao|1ab|1af|1x|1u|1l|1aj|1aa|1d|1s|1ac|1j|1y|1v|1f|1o|1t|1w|1b|1q|1ai|1ag|1h|1n|1m|1ah,8,7.857082834033395,1a|1ae|1ak|1al|1c|1e|1g|1r
15.275862068965523,111.19753188094313,48.25074398112582,diaryl-ethyl-aryl-substituted,structure_pose,16.057854056075847,1,,gaussian_process,95.0,95.0,,79.72413793103448,98.04827586206895,67.44827586206895,104.34827586206896,67.44827586206895,-15.275862068965523,"{""alpha"": 1e-06, ""kernel"": ""1**2 * RBF(length_scale=2) + WhiteKernel(noise_level=10)""}",1k,target_holdout,ee,1k,29,1am|1i|1p|1ao|1ab|1af|1x|1u|1l|1aj|1aa|1d|1s|1ac|1j|1y|1v|1f|1o|1t|1w|1b|1q|1ai|1ag|1h|1n|1m|1ah,8,13.318965517241374,1a|1ae|1ak|1al|1c|1e|1g|1r
13.556176234764735,,,diaryl-ethyl-aryl-substituted,structure_pose,,1,,ridge_regression,82.0,82.0,,95.55617623476473,105.44101913884381,90.57314098588947,106.73189216561607,87.50858695603156,13.556176234764735,"{""alpha"": 10.0}",1l,target_holdout,ee,1l,29,1am|1i|1p|1ao|1ab|1af|1x|1u|1k|1aj|1aa|1s|1e|1ac|1y|1v|1c|1o|1w|1t|1q|1ai|1b|1m|1ag|1n|1h|1j|1ah,8,5.078355141469859,1a|1ae|1ak|1al|1d|1f|1g|1r
9.897583569756947,,,diaryl-ethyl-aryl-substituted,structure_pose,,1,,elastic_net,82.0,82.0,,91.89758356975695,100.25349628886323,86.5341944632964,103.61450126960018,81.23994032494201,9.897583569756947,"{""alpha"": 1.0, ""l1_ratio"": 0.5}",1l,target_holdout,ee,1l,29,1am|1i|1p|1ao|1ab|1af|1x|1u|1k|1aj|1aa|1s|1e|1ac|1y|1v|1c|1o|1w|1t|1q|1ai|1b|1m|1ag|1n|1h|1j|1ah,8,4.599352542728361,1a|1ae|1ak|1al|1d|1f|1g|1r
0.9773871518766839,,,diaryl-ethyl-aryl-substituted,structure_pose,,1,,lightgbm,82.0,82.0,,82.97738715187668,93.57755556833395,76.97517351205768,97.4610171111441,71.42925861042856,0.9773871518766839,"{""learning_rate"": 0.1, ""n_estimators"": 75, ""num_leaves"": 3}",1l,target_holdout,ee,1l,29,1am|1i|1p|1ao|1ab|1af|1x|1u|1k|1aj|1aa|1s|1e|1ac|1y|1v|1c|1o|1w|1t|1q|1ai|1b|1m|1ag|1n|1h|1j|1ah,8,5.7119280795436485,1a|1ae|1ak|1al|1d|1f|1g|1r
1.6896551724137936,112.42622473171862,48.19446492345379,diaryl-ethyl-aryl-substituted,structure_pose,16.385653012312456,1,,gaussian_process,82.0,82.0,,80.3103448275862,99.22068965517241,69.32068965517242,105.52068965517242,68.79568965517241,-1.6896551724137936,"{""alpha"": 1e-06, ""kernel"": ""1**2 * RBF(length_scale=2) + WhiteKernel(noise_level=10)""}",1l,target_holdout,ee,1l,29,1am|1i|1p|1ao|1ab|1af|1x|1u|1k|1aj|1aa|1s|1e|1ac|1y|1v|1c|1o|1w|1t|1q|1ai|1b|1m|1ag|1n|1h|1j|1ah,8,12.672413793103436,1a|1ae|1ak|1al|1d|1f|1g|1r
4.41980140024279,,,diaryl-ethyl-aryl-substituted,structure_pose,,1,,ridge_regression,94.0,94.0,,89.58019859975721,98.14616717833195,81.34272482004864,100.4735830492033,79.98511221297849,-4.41980140024279,"{""alpha"": 10.0}",1m,target_holdout,ee,1m,29,1am|1i|1p|1ao|1ab|1af|1x|1u|1l|1aj|1aa|1k|1s|1ac|1g|1y|1c|1w|1t|1o|1q|1v|1ai|1b|1ag|1n|1j|1ah|1d,8,6.1895339163663,1a|1ae|1ak|1al|1e|1f|1h|1r
3.731664799709904,,,diaryl-ethyl-aryl-substituted,structure_pose,,1,,elastic_net,94.0,94.0,,90.2683352002901,96.76946696768894,80.92645546695051,100.93970316922352,77.59080606670301,-3.731664799709904,"{""alpha"": 1.0, ""l1_ratio"": 0.5}",1m,target_holdout,ee,1m,29,1am|1i|1p|1ao|1ab|1af|1x|1u|1l|1aj|1aa|1k|1s|1ac|1g|1y|1c|1w|1t|1o|1q|1v|1ai|1b|1ag|1n|1j|1ah|1d,8,5.34758473474035,1a|1ae|1ak|1al|1e|1f|1h|1r
5.0838802713811475,,,diaryl-ethyl-aryl-substituted,structure_pose,,1,,lightgbm,94.0,94.0,,88.91611972861885,105.90751280825677,82.32435935890648,107.42246785459777,79.7731248587787,-5.0838802713811475,"{""learning_rate"": 0.1, ""n_estimators"": 25, ""num_leaves"": 3}",1m,target_holdout,ee,1m,29,1am|1i|1p|1ao|1ab|1af|1x|1u|1l|1aj|1aa|1k|1s|1ac|1g|1y|1c|1w|1t|1o|1q|1v|1ai|1b|1ag|1n|1j|1ah|1d,8,7.397517468316605,1a|1ae|1ak|1al|1e|1f|1h|1r
14.172413793103445,111.45704934792577,48.198123065867335,diaryl-ethyl-aryl-substituted,structure_pose,16.137481194402664,1,,gaussian_process,94.0,94.0,,79.82758620689656,98.2551724137931,67.65517241379311,104.55517241379312,67.65517241379311,-14.172413793103445,"{""alpha"": 1e-06, ""kernel"": ""1**2 * RBF(length_scale=0.5) + WhiteKernel(noise_level=1)""}",1m,target_holdout,ee,1m,29,1am|1i|1p|1ao|1ab|1af|1x|1u|1l|1aj|1aa|1k|1s|1ac|1g|1y|1c|1w|1t|1o|1q|1v|1ai|1b|1ag|1n|1j|1ah|1d,8,13.043103448275861,1a|1ae|1ak|1al|1e|1f|1h|1r
9.578052464189625,,,polycyclic-aryl,structure_pose,,1,,ridge_regression,91.0,91.0,,81.42194753581038,89.5193402777312,73.3233155640034,92.18114606151101,71.25984250724039,-9.578052464189625,"{""alpha"": 0.1}",1n,target_holdout,ee,1n,29,1am|1i|1p|1ao|1ab|1af|1x|1u|1l|1aj|1aa|1k|1s|1ac|1g|1y|1c|1o|1w|1t|1q|1v|1ai|1b|1ag|1j|1m|1ah|1d,8,5.957163540528375,1a|1ae|1ak|1al|1e|1f|1h|1r
3.870997398188962,,,polycyclic-aryl,structure_pose,,1,,elastic_net,91.0,91.0,,87.12900260181104,93.23945278173198,78.50450684537469,98.75567319521991,73.39967310163125,-3.870997398188962,"{""alpha"": 1.0, ""l1_ratio"": 0.8}",1n,target_holdout,ee,1n,29,1am|1i|1p|1ao|1ab|1af|1x|1u|1l|1aj|1aa|1k|1s|1ac|1g|1y|1c|1o|1w|1t|1q|1v|1ai|1b|1ag|1j|1m|1ah|1d,8,5.359192018641348,1a|1ae|1ak|1al|1e|1f|1h|1r
5.032122114895998,,,polycyclic-aryl,structure_pose,,1,,lightgbm,91.0,91.0,,85.967877885104,102.22320224165244,80.45264334598119,104.01822130497017,76.26108894169272,-5.032122114895998,"{""learning_rate"": 0.1, ""n_estimators"": 75, ""num_leaves"": 7}",1n,target_holdout,ee,1n,29,1am|1i|1p|1ao|1ab|1af|1x|1u|1l|1aj|1aa|1k|1s|1ac|1g|1y|1c|1o|1w|1t|1q|1v|1ai|1b|1ag|1j|1m|1ah|1d,8,6.951459368294425,1a|1ae|1ak|1al|1e|1f|1h|1r
11.06896551724138,111.71867339280875,48.143395572708485,polycyclic-aryl,structure_pose,16.218183117372515,1,,gaussian_process,91.0,91.0,,79.93103448275862,98.46206896551723,67.86206896551732,104.76206896551724,67.86206896551727,-11.06896551724138,"{""alpha"": 1e-06, ""kernel"": ""1**2 * RBF(length_scale=2) + WhiteKernel(noise_level=10)""}",1n,target_holdout,ee,1n,29,1am|1i|1p|1ao|1ab|1af|1x|1u|1l|1aj|1aa|1k|1s|1ac|1g|1y|1c|1o|1w|1t|1q|1v|1ai|1b|1ag|1j|1m|1ah|1d,8,13.017241379310327,1a|1ae|1ak|1al|1e|1f|1h|1r
3.398593571392709,,,oxygen-heteroaryl,structure_pose,,1,,ridge_regression,89.0,89.0,,85.60140642860729,94.30378386333498,77.51682948235091,95.89931537906244,76.10129595051484,-3.398593571392709,"{""alpha"": 0.1}",1o,target_holdout,ee,1o,29,1am|1i|1p|1ao|1ab|1af|1x|1u|1l|1aj|1aa|1k|1s|1ac|1g|1y|1c|1w|1t|1q|1v|1ai|1b|1ag|1n|1j|1m|1ah|1d,8,5.711193414597667,1a|1ae|1ak|1al|1e|1f|1h|1r
1.586068150104225,,,oxygen-heteroaryl,structure_pose,,1,,elastic_net,89.0,89.0,,87.41393184989577,94.2520191752963,78.30817715467995,97.82871025074024,75.2358858174222,-1.586068150104225,"{""alpha"": 1.0, ""l1_ratio"": 0.5}",1o,target_holdout,ee,1o,29,1am|1i|1p|1ao|1ab|1af|1x|1u|1l|1aj|1aa|1k|1s|1ac|1g|1y|1c|1w|1t|1q|1v|1ai|1b|1ag|1n|1j|1m|1ah|1d,8,5.277623104783326,1a|1ae|1ak|1al|1e|1f|1h|1r
7.188880137982707,,,oxygen-heteroaryl,structure_pose,,1,,lightgbm,89.0,89.0,,81.81111986201729,94.75492935175393,71.85857072987966,96.56078618386897,70.40974528700364,-7.188880137982707,"{""learning_rate"": 0.1, ""n_estimators"": 75, ""num_leaves"": 7}",1o,target_holdout,ee,1o,29,1am|1i|1p|1ao|1ab|1af|1x|1u|1l|1aj|1aa|1k|1s|1ac|1g|1y|1c|1w|1t|1q|1v|1ai|1b|1ag|1n|1j|1m|1ah|1d,8,6.893384428604731,1a|1ae|1ak|1al|1e|1f|1h|1r
9.0,111.87116270806135,48.12883729193866,oxygen-heteroaryl,structure_pose,16.260797300031296,1,,gaussian_process,89.0,89.0,,80.0,98.6,68.00000000000006,104.9,68.00000000000001,-9.0,"{""alpha"": 1e-06, ""kernel"": ""1**2 * RBF(length_scale=2) + WhiteKernel(noise_level=10)""}",1o,target_holdout,ee,1o,29,1am|1i|1p|1ao|1ab|1af|1x|1u|1l|1aj|1aa|1k|1s|1ac|1g|1y|1c|1w|1t|1q|1v|1ai|1b|1ag|1n|1j|1m|1ah|1d,8,12.999999999999991,1a|1ae|1ak|1al|1e|1f|1h|1r
28.398448579896638,,,oxygen-heteroaryl-fused,structure_pose,,1,,ridge_regression,61.0,61.0,,89.39844857989664,107.72541741563036,85.56076621824856,117.8721697439194,83.420092990133,28.398448579896638,"{""alpha"": 0.1}",1p,target_holdout,ee,1p,29,1am|1i|1ae|1y|1ab|1s|1ao|1x|1l|1k|1al|1aa|1ac|1g|1w|1u|1q|1c|1o|1t|1v|1ai|1b|1n|1ag|1j|1m|1ah|1d,8,7.531466365660947,1a|1af|1aj|1ak|1e|1f|1h|1r
26.812977932138352,,,oxygen-heteroaryl-fused,structure_pose,,1,,elastic_net,61.0,61.0,,87.81297793213835,106.10800291218484,85.07176223059567,106.57910428392134,84.6799251752458,26.812977932138352,"{""alpha"": 1.0, ""l1_ratio"": 0.8}",1p,target_holdout,ee,1p,29,1am|1i|1ae|1y|1ab|1s|1ao|1x|1l|1k|1al|1aa|1ac|1g|1w|1u|1q|1c|1o|1t|1v|1ai|1b|1n|1ag|1j|1m|1ah|1d,8,6.006148297617796,1a|1af|1aj|1ak|1e|1f|1h|1r
28.794123746464933,,,oxygen-heteroaryl-fused,structure_pose,,1,,lightgbm,61.0,61.0,,89.79412374646493,95.05530012804567,87.00581594943316,104.62264223949835,86.36338869229834,28.794123746464933,"{""learning_rate"": 0.03, ""n_estimators"": 75, ""num_leaves"": 3}",1p,target_holdout,ee,1p,29,1am|1i|1ae|1y|1ab|1s|1ao|1x|1l|1k|1al|1aa|1ac|1g|1w|1u|1q|1c|1o|1t|1v|1ai|1b|1n|1ag|1j|1m|1ah|1d,8,3.672240721948538,1a|1af|1aj|1ak|1e|1f|1h|1r
20.689655172413794,110.86622332176155,52.513087023066035,oxygen-heteroaryl-fused,structure_pose,14.886004157830492,1,,gaussian_process,61.0,61.0,,81.6896551724138,107.47931034482758,71.37931034482767,116.40431034482759,71.3793103448276,20.689655172413794,"{""alpha"": 1e-06, ""kernel"": ""1**2 * RBF(length_scale=2) + WhiteKernel(noise_level=10)""}",1p,target_holdout,ee,1p,29,1am|1i|1ae|1y|1ab|1s|1ao|1x|1l|1k|1al|1aa|1ac|1g|1w|1u|1q|1c|1o|1t|1v|1ai|1b|1n|1ag|1j|1m|1ah|1d,8,15.202586206896536,1a|1af|1aj|1ak|1e|1f|1h|1r
0.42067203530368147,,,oxygen-heteroaryl-fused,structure_pose,,1,,ridge_regression,90.0,90.0,,90.42067203530368,99.1372788396842,82.60624608543587,101.08147871233123,80.91755379107387,0.42067203530368147,"{""alpha"": 10.0}",1q,target_holdout,ee,1q,29,1am|1i|1p|1ao|1ab|1af|1x|1u|1l|1aj|1aa|1k|1s|1ac|1g|1y|1c|1w|1o|1t|1v|1ai|1b|1n|1ag|1j|1m|1ah|1d,8,5.7240108953079325,1a|1ae|1ak|1al|1e|1f|1h|1r
1.9582950296696708,,,oxygen-heteroaryl-fused,structure_pose,,1,,elastic_net,90.0,90.0,,88.04170497033033,94.38029194154939,78.55981433350824,98.51697134790862,74.98671774468377,-1.9582950296696708,"{""alpha"": 1.0, ""l1_ratio"": 0.5}",1q,target_holdout,ee,1q,29,1am|1i|1p|1ao|1ab|1af|1x|1u|1l|1aj|1aa|1k|1s|1ac|1g|1y|1c|1w|1o|1t|1v|1ai|1b|1n|1ag|1j|1m|1ah|1d,8,5.3996139852693545,1a|1ae|1ak|1al|1e|1f|1h|1r
0.4774218623719122,,,oxygen-heteroaryl-fused,structure_pose,,1,,lightgbm,90.0,90.0,,90.47742186237191,109.6022777676959,85.7861767699685,109.69186083672383,81.97380650376071,0.4774218623719122,"{""learning_rate"": 0.1, ""n_estimators"": 75, ""num_leaves"": 7}",1q,target_holdout,ee,1q,29,1am|1i|1p|1ao|1ab|1af|1x|1u|1l|1aj|1aa|1k|1s|1ac|1g|1y|1c|1w|1o|1t|1v|1ai|1b|1n|1ag|1j|1m|1ah|1d,8,7.240461226779294,1a|1ae|1ak|1al|1e|1f|1h|1r
10.034482758620683,111.79709804792493,48.1339364348337,oxygen-heteroaryl-fused,structure_pose,16.24060245231919,1,,gaussian_process,90.0,90.0,,79.96551724137932,98.53103448275863,67.93103448275869,104.83103448275864,67.93103448275865,-10.034482758620683,"{""alpha"": 1e-06, ""kernel"": ""1**2 * RBF(length_scale=2) + WhiteKernel(noise_level=10)""}",1q,target_holdout,ee,1q,29,1am|1i|1p|1ao|1ab|1af|1x|1u|1l|1aj|1aa|1k|1s|1ac|1g|1y|1c|1w|1o|1t|1v|1ai|1b|1n|1ag|1j|1m|1ah|1d,8,13.00862068965516,1a|1ae|1ak|1al|1e|1f|1h|1r
3.9889877825598603,,,oxygen-heterocycle-fused,structure_pose,,1,,ridge_regression,91.0,91.0,,87.01101221744014,95.86587061362152,79.10194860901704,97.69204148641441,77.58431106117236,-3.9889877825598603,"{""alpha"": 0.1}",1r,target_holdout,ee,1r,29,1am|1i|1p|1ao|1ab|1af|1x|1u|1k|1aj|1aa|1l|1s|1ac|1g|1y|1c|1w|1o|1t|1q|1v|1ai|1b|1ag|1n|1j|1m|1ah,8,5.446434084821181,1a|1ae|1ak|1al|1d|1e|1f|1h
3.3392605160992304,,,oxygen-heterocycle-fused,structure_pose,,1,,elastic_net,91.0,91.0,,87.66073948390077,94.33613741419924,78.21742590531815,98.26782298559544,75.04672818907753,-3.3392605160992304,"{""alpha"": 1.0, ""l1_ratio"": 0.5}",1r,target_holdout,ee,1r,29,1am|1i|1p|1ao|1ab|1af|1x|1u|1k|1aj|1aa|1l|1s|1ac|1g|1y|1c|1w|1o|1t|1q|1v|1ai|1b|1ag|1n|1j|1m|1ah,8,5.034227208736864,1a|1ae|1ak|1al|1d|1e|1f|1h
4.018008870967989,,,oxygen-heterocycle-fused,structure_pose,,1,,lightgbm,91.0,91.0,,86.98199112903201,101.35297473885096,80.55076530972873,104.65274040095173,75.84504861252508,-4.018008870967989,"{""learning_rate"": 0.1, ""n_estimators"": 75, ""num_leaves"": 3}",1r,target_holdout,ee,1r,29,1am|1i|1p|1ao|1ab|1af|1x|1u|1k|1aj|1aa|1l|1s|1ac|1g|1y|1c|1w|1o|1t|1q|1v|1ai|1b|1ag|1n|1j|1m|1ah,8,6.915294427544322,1a|1ae|1ak|1al|1d|1e|1f|1h
11.034482758620683,111.79709804792493,48.1339364348337,oxygen-heterocycle-fused,structure_pose,16.240602452319195,1,,gaussian_process,91.0,91.0,,79.96551724137932,98.53103448275863,67.93103448275873,104.83103448275864,67.93103448275866,-11.034482758620683,"{""alpha"": 1e-06, ""kernel"": ""1**2 * RBF(length_scale=2) + WhiteKernel(noise_level=10)""}",1r,target_holdout,ee,1r,29,1am|1i|1p|1ao|1ab|1af|1x|1u|1k|1aj|1aa|1l|1s|1ac|1g|1y|1c|1w|1o|1t|1q|1v|1ai|1b|1ag|1n|1j|1m|1ah,8,12.883620689655151,1a|1ae|1ak|1al|1d|1e|1f|1h
0.10563459776264494,,,oxygen-heterocycle-fused,structure_pose,,1,,ridge_regression,80.0,80.0,,80.10563459776264,89.04308271820139,72.27246074781738,90.80355224289451,70.8608884779004,0.10563459776264494,"{""alpha"": 10.0}",1s,target_holdout,ee,1s,29,1ab|1af|1am|1y|1i|1ao|1x|1l|1p|1aj|1k|1aa|1ac|1g|1u|1c|1w|1o|1t|1q|1v|1ai|1b|1ag|1n|1j|1m|1ah|1d,8,5.7505544752917785,1a|1ae|1ak|1al|1e|1f|1h|1r
1.177301501904708,,,oxygen-heterocycle-fused,structure_pose,,1,,elastic_net,80.0,80.0,,78.82269849809529,85.80943902101248,69.41397073863848,89.40416444975891,66.39926353486597,-1.177301501904708,"{""alpha"": 1.0, ""l1_ratio"": 0.5}",1s,target_holdout,ee,1s,29,1ab|1af|1am|1y|1i|1ao|1x|1l|1p|1aj|1k|1aa|1ac|1g|1u|1c|1w|1o|1t|1q|1v|1ai|1b|1ag|1n|1j|1m|1ah|1d,8,5.463041182138634,1a|1ae|1ak|1al|1e|1f|1h|1r
5.337718779480426,,,oxygen-heterocycle-fused,structure_pose,,1,,lightgbm,80.0,80.0,,85.33771877948043,99.99631309441055,79.74604703986819,104.06396997274821,74.67424824593445,5.337718779480426,"{""learning_rate"": 0.1, ""n_estimators"": 75, ""num_leaves"": 7}",1s,target_holdout,ee,1s,29,1ab|1af|1am|1y|1i|1ao|1x|1l|1p|1aj|1k|1aa|1ac|1g|1u|1c|1w|1o|1t|1q|1v|1ai|1b|1ag|1n|1j|1m|1ah|1d,8,6.6067462862206305,1a|1ae|1ak|1al|1e|1f|1h|1r
0.3103448275862064,112.34362422092741,48.277065434244996,oxygen-heterocycle-fused,structure_pose,16.34350989456184,1,,gaussian_process,80.0,80.0,,80.3103448275862,99.22068965517241,68.6206896551725,105.52068965517242,68.62068965517244,0.3103448275862064,"{""alpha"": 1e-06, ""kernel"": ""1**2 * RBF(length_scale=2) + WhiteKernel(noise_level=10)""}",1s,target_holdout,ee,1s,29,1ab|1af|1am|1y|1i|1ao|1x|1l|1p|1aj|1k|1aa|1ac|1g|1u|1c|1w|1o|1t|1q|1v|1ai|1b|1ag|1n|1j|1m|1ah|1d,8,12.92241379310343,1a|1ae|1ak|1al|1e|1f|1h|1r
0.3717962388799947,,,oxygen-heterocycle-fused,structure_pose,,1,,ridge_regression,91.0,91.0,,90.62820376112,99.90595148417844,83.25704961601984,101.5058427688009,81.55695660670813,-0.3717962388799947,"{""alpha"": 0.1}",1t,target_holdout,ee,1t,29,1am|1i|1p|1ao|1ab|1af|1x|1u|1k|1aj|1aa|1l|1s|1ac|1g|1y|1c|1w|1o|1q|1v|1ai|1b|1ag|1r|1n|1j|1m|1ah,8,5.434731310826493,1a|1ae|1ak|1al|1d|1e|1f|1h
0.5662723583290159,,,oxygen-heterocycle-fused,structure_pose,,1,,elastic_net,91.0,91.0,,90.43372764167098,97.30918076581054,81.9082353205043,101.0560707498329,78.09564355272673,-0.5662723583290159,"{""alpha"": 1.0, ""l1_ratio"": 0.5}",1t,target_holdout,ee,1t,29,1am|1i|1p|1ao|1ab|1af|1x|1u|1k|1aj|1aa|1l|1s|1ac|1g|1y|1c|1w|1o|1q|1v|1ai|1b|1ag|1r|1n|1j|1m|1ah,8,4.984044274844992,1a|1ae|1ak|1al|1d|1e|1f|1h
3.9009024723383305,,,oxygen-heterocycle-fused,structure_pose,,1,,lightgbm,91.0,91.0,,87.09909752766167,102.30985047640098,80.79533842213203,103.96641929455473,74.20497557161136,-3.9009024723383305,"{""learning_rate"": 0.1, ""n_estimators"": 75, ""num_leaves"": 3}",1t,target_holdout,ee,1t,29,1am|1i|1p|1ao|1ab|1af|1x|1u|1k|1aj|1aa|1l|1s|1ac|1g|1y|1c|1w|1o|1q|1v|1ai|1b|1ag|1r|1n|1j|1m|1ah,8,6.880905681809021,1a|1ae|1ak|1al|1d|1e|1f|1h
11.034482758620683,111.79709804792493,48.1339364348337,oxygen-heterocycle-fused,structure_pose,16.240602452319195,1,,gaussian_process,91.0,91.0,,79.96551724137932,98.53103448275863,67.93103448275873,104.83103448275864,67.93103448275866,-11.034482758620683,"{""alpha"": 1e-06, ""kernel"": ""1**2 * RBF(length_scale=2) + WhiteKernel(noise_level=10)""}",1t,target_holdout,ee,1t,29,1am|1i|1p|1ao|1ab|1af|1x|1u|1k|1aj|1aa|1l|1s|1ac|1g|1y|1c|1w|1o|1q|1v|1ai|1b|1ag|1r|1n|1j|1m|1ah,8,12.883620689655151,1a|1ae|1ak|1al|1d|1e|1f|1h
2.6973968980931886,,,carbonyl-heterocycle-fused,structure_pose,,1,,ridge_regression,86.0,86.0,,88.69739689809319,100.77251929359497,84.01104011547746,102.80649745092936,81.87232553245563,2.6973968980931886,"{""alpha"": 0.1}",1u,target_holdout,ee,1u,29,1am|1i|1p|1ao|1ab|1af|1x|1l|1s|1y|1k|1al|1aa|1ac|1g|1t|1c|1w|1o|1q|1v|1ai|1b|1ag|1n|1j|1m|1ah|1d,8,6.331177725842901,1a|1ae|1aj|1ak|1e|1f|1h|1r
2.4223000898084877,,,carbonyl-heterocycle-fused,structure_pose,,1,,elastic_net,86.0,86.0,,88.42230008980849,105.81149673261213,83.55439124459281,108.64552247692794,80.70183915695938,2.4223000898084877,"{""alpha"": 0.1, ""l1_ratio"": 0.2}",1u,target_holdout,ee,1u,29,1am|1i|1p|1ao|1ab|1af|1x|1l|1s|1y|1k|1al|1aa|1ac|1g|1t|1c|1w|1o|1q|1v|1ai|1b|1ag|1n|1j|1m|1ah|1d,8,7.943875769943569,1a|1ae|1aj|1ak|1e|1f|1h|1r
3.1539993468575034,,,carbonyl-heterocycle-fused,structure_pose,,1,,lightgbm,86.0,86.0,,82.8460006531425,89.00996162663309,79.6980835004947,95.37693050817921,78.91771453541638,-3.1539993468575034,"{""learning_rate"": 0.1, ""n_estimators"": 75, ""num_leaves"": 3}",1u,target_holdout,ee,1u,29,1am|1i|1p|1ao|1ab|1af|1x|1l|1s|1y|1k|1al|1aa|1ac|1g|1t|1c|1w|1o|1q|1v|1ai|1b|1ag|1n|1j|1m|1ah|1d,8,3.5717507735975964,1a|1ae|1aj|1ak|1e|1f|1h|1r
4.896551724137936,110.29019106736203,51.9167054843621,carbonyl-heterocycle-fused,structure_pose,14.8911953017857,1,,gaussian_process,86.0,86.0,,81.10344827586206,111.90689655172413,70.20689655172421,116.63189655172414,70.20689655172414,-4.896551724137936,"{""alpha"": 1e-06, ""kernel"": ""1**2 * RBF(length_scale=2) + WhiteKernel(noise_level=10)""}",1u,target_holdout,ee,1u,29,1am|1i|1p|1ao|1ab|1af|1x|1l|1s|1y|1k|1al|1aa|1ac|1g|1t|1c|1w|1o|1q|1v|1ai|1b|1ag|1n|1j|1m|1ah|1d,8,16.34913793103447,1a|1ae|1aj|1ak|1e|1f|1h|1r
10.325992231723191,,,sulfur-heteroaryl,structure_pose,,1,,ridge_regression,91.0,91.0,,80.67400776827681,88.86700909311439,72.18644550068336,89.41571948413444,71.71954889842331,-10.325992231723191,"{""alpha"": 10.0}",1v,target_holdout,ee,1v,29,1am|1i|1p|1ao|1ab|1af|1x|1u|1l|1aj|1aa|1k|1s|1ac|1g|1y|1c|1w|1t|1o|1q|1ai|1b|1ag|1n|1j|1m|1ah|1d,8,6.202132680408928,1a|1ae|1ak|1al|1e|1f|1h|1r
6.9515148572914995,,,sulfur-heteroaryl,structure_pose,,1,,elastic_net,91.0,91.0,,84.0484851427085,91.15803461157488,73.73854499632088,93.06141238930844,72.64362157135119,-6.9515148572914995,"{""alpha"": 1.0, ""l1_ratio"": 0.5}",1v,target_holdout,ee,1v,29,1am|1i|1p|1ao|1ab|1af|1x|1u|1l|1aj|1aa|1k|1s|1ac|1g|1y|1c|1w|1t|1o|1q|1ai|1b|1ag|1n|1j|1m|1ah|1d,8,5.533865619168761,1a|1ae|1ak|1al|1e|1f|1h|1r
6.798314269485033,,,sulfur-heteroaryl,structure_pose,,1,,lightgbm,91.0,91.0,,84.20168573051497,101.67426666741865,75.88877266158615,102.24755407296762,72.01922046465481,-6.798314269485033,"{""learning_rate"": 0.03, ""n_estimators"": 75, ""num_leaves"": 3}",1v,target_holdout,ee,1v,29,1am|1i|1p|1ao|1ab|1af|1x|1u|1l|1aj|1aa|1k|1s|1ac|1g|1y|1c|1w|1t|1o|1q|1ai|1b|1ag|1n|1j|1m|1ah|1d,8,8.121977686186678,1a|1ae|1ak|1al|1e|1f|1h|1r
11.06896551724138,111.71867339280875,48.143395572708485,sulfur-heteroaryl,structure_pose,16.218183117372515,1,,gaussian_process,91.0,91.0,,79.93103448275862,98.46206896551723,67.86206896551732,104.76206896551724,67.86206896551725,-11.06896551724138,"{""alpha"": 1e-06, ""kernel"": ""1**2 * RBF(length_scale=2) + WhiteKernel(noise_level=10)""}",1v,target_holdout,ee,1v,29,1am|1i|1p|1ao|1ab|1af|1x|1u|1l|1aj|1aa|1k|1s|1ac|1g|1y|1c|1w|1t|1o|1q|1ai|1b|1ag|1n|1j|1m|1ah|1d,8,13.01724137931033,1a|1ae|1ak|1al|1e|1f|1h|1r
10.77167309396414,,,sulfur-heteroaryl-fused,structure_pose,,1,,ridge_regression,92.0,92.0,,81.22832690603586,90.76162494066672,73.48020151574823,92.61861899429323,72.51929536480588,-10.77167309396414,"{""alpha"": 0.1}",1w,target_holdout,ee,1w,29,1am|1i|1p|1ao|1ab|1af|1x|1u|1l|1aj|1aa|1k|1s|1ac|1g|1y|1c|1t|1o|1q|1v|1ai|1b|1ag|1n|1j|1m|1ah|1d,8,5.895445826057752,1a|1ae|1ak|1al|1e|1f|1h|1r
8.206135574484648,,,sulfur-heteroaryl-fused,structure_pose,,1,,elastic_net,92.0,92.0,,83.79386442551535,91.43966031016075,74.92991063279253,95.18739592673754,72.34210366215407,-8.206135574484648,"{""alpha"": 1.0, ""l1_ratio"": 0.5}",1w,target_holdout,ee,1w,29,1am|1i|1p|1ao|1ab|1af|1x|1u|1l|1aj|1aa|1k|1s|1ac|1g|1y|1c|1t|1o|1q|1v|1ai|1b|1ag|1n|1j|1m|1ah|1d,8,5.420058838086296,1a|1ae|1ak|1al|1e|1f|1h|1r
13.752846914114556,,,sulfur-heteroaryl-fused,structure_pose,,1,,lightgbm,92.0,92.0,,78.24715308588544,92.18286376099392,71.77227221469137,93.37504478412741,65.81780574913307,-13.752846914114556,"{""learning_rate"": 0.1, ""n_estimators"": 75, ""num_leaves"": 3}",1w,target_holdout,ee,1w,29,1am|1i|1p|1ao|1ab|1af|1x|1u|1l|1aj|1aa|1k|1s|1ac|1g|1y|1c|1t|1o|1q|1v|1ai|1b|1ag|1n|1j|1m|1ah|1d,8,6.765536101613829,1a|1ae|1ak|1al|1e|1f|1h|1r
12.103448275862064,111.63587063396946,48.15723281430641,sulfur-heteroaryl-fused,structure_pose,16.19353005603649,1,,gaussian_process,92.0,92.0,,79.89655172413794,98.39310344827587,67.79310344827597,104.69310344827588,67.7931034482759,-12.103448275862064,"{""alpha"": 1e-06, ""kernel"": ""1**2 * RBF(length_scale=2) + WhiteKernel(noise_level=10)""}",1w,target_holdout,ee,1w,29,1am|1i|1p|1ao|1ab|1af|1x|1u|1l|1aj|1aa|1k|1s|1ac|1g|1y|1c|1t|1o|1q|1v|1ai|1b|1ag|1n|1j|1m|1ah|1d,8,13.025862068965496,1a|1ae|1ak|1al|1e|1f|1h|1r
8.147958875277936,,,sulfur-heteroaryl-fused,structure_pose,,1,,ridge_regression,94.0,94.0,,85.85204112472206,99.2802188363972,83.3574495826415,99.95344449205243,82.3647117348626,-8.147958875277936,"{""alpha"": 100.0}",1x,target_holdout,ee,1x,29,1i|1am|1p|1ao|1ab|1af|1e|1k|1s|1y|1al|1aa|1ac|1t|1v|1c|1o|1u|1w|1q|1ai|1b|1m|1ag|1n|1h|1j|1ah|1f,8,6.271674024964392,1a|1ae|1aj|1ak|1d|1g|1l|1r
3.1100616433917594,,,sulfur-heteroaryl-fused,structure_pose,,1,,elastic_net,94.0,94.0,,90.88993835660824,107.26600628038125,89.70107904297267,108.43175301861574,88.1606347564905,-3.1100616433917594,"{""alpha"": 0.1, ""l1_ratio"": 0.2}",1x,target_holdout,ee,1x,29,1i|1am|1p|1ao|1ab|1af|1e|1k|1s|1y|1al|1aa|1ac|1t|1v|1c|1o|1u|1w|1q|1ai|1b|1m|1ag|1n|1h|1j|1ah|1f,8,8.258983868256706,1a|1ae|1aj|1ak|1d|1g|1l|1r
16.237974869209893,,,sulfur-heteroaryl-fused,structure_pose,,1,,lightgbm,94.0,94.0,,77.76202513079011,85.4079967141844,76.43649304384476,87.68918845607648,75.29581445727266,-16.237974869209893,"{""learning_rate"": 0.1, ""n_estimators"": 75, ""num_leaves"": 3}",1x,target_holdout,ee,1x,29,1i|1am|1p|1ao|1ab|1af|1e|1k|1s|1y|1al|1aa|1ac|1t|1v|1c|1o|1u|1w|1q|1ai|1b|1m|1ag|1n|1h|1j|1ah|1f,8,3.254282816277346,1a|1ae|1aj|1ak|1d|1g|1l|1r
12.827586206896555,110.30338728403817,52.04144030216873,sulfur-heteroaryl-fused,structure_pose,14.862741577007508,1,,gaussian_process,94.0,94.0,,81.17241379310344,112.04482758620689,71.04482758620689,116.7698275862069,70.5198275862069,-12.827586206896555,"{""alpha"": 1e-06, ""kernel"": ""1**2 * RBF(length_scale=2) + WhiteKernel(noise_level=10)""}",1x,target_holdout,ee,1x,29,1i|1am|1p|1ao|1ab|1af|1e|1k|1s|1y|1al|1aa|1ac|1t|1v|1c|1o|1u|1w|1q|1ai|1b|1m|1ag|1n|1h|1j|1ah|1f,8,15.081896551724132,1a|1ae|1aj|1ak|1d|1g|1l|1r
2.34263415392023,,,sulfur-heterocycle-fused,structure_pose,,1,,ridge_regression,91.0,91.0,,88.65736584607977,97.26947303387593,80.68342744088082,99.39059039668071,78.9892249230333,-2.34263415392023,"{""alpha"": 10.0}",1y,target_holdout,ee,1y,29,1am|1i|1p|1ao|1ab|1af|1x|1u|1l|1aj|1aa|1k|1s|1ac|1g|1c|1o|1w|1t|1q|1v|1ai|1b|1ag|1n|1j|1m|1ah|1d,8,5.818261850864067,1a|1ae|1ak|1al|1e|1f|1h|1r
2.7563375726990103,,,sulfur-heterocycle-fused,structure_pose,,1,,elastic_net,91.0,91.0,,88.24366242730099,94.8961706057018,78.74507837097465,98.98835839000175,75.47990745128753,-2.7563375726990103,"{""alpha"": 1.0, ""l1_ratio"": 0.5}",1y,target_holdout,ee,1y,29,1am|1i|1p|1ao|1ab|1af|1x|1u|1l|1aj|1aa|1k|1s|1ac|1g|1c|1o|1w|1t|1q|1v|1ai|1b|1ag|1n|1j|1m|1ah|1d,8,5.459230563523357,1a|1ae|1ak|1al|1e|1f|1h|1r
4.471366181959553,,,sulfur-heterocycle-fused,structure_pose,,1,,lightgbm,91.0,91.0,,86.52863381804045,104.51536174143577,80.49129890188934,106.94775454160985,78.8987545659825,-4.471366181959553,"{""learning_rate"": 0.03, ""n_estimators"": 75, ""num_leaves"": 3}",1y,target_holdout,ee,1y,29,1am|1i|1p|1ao|1ab|1af|1x|1u|1l|1aj|1aa|1k|1s|1ac|1g|1c|1o|1w|1t|1q|1v|1ai|1b|1ag|1n|1j|1m|1ah|1d,8,7.3589747272308585,1a|1ae|1ak|1al|1e|1f|1h|1r
11.06896551724138,111.71867339280875,48.143395572708485,sulfur-heterocycle-fused,structure_pose,16.218183117372515,1,,gaussian_process,91.0,91.0,,79.93103448275862,98.46206896551723,67.86206896551734,104.76206896551724,67.86206896551727,-11.06896551724138,"{""alpha"": 1e-06, ""kernel"": ""1**2 * RBF(length_scale=2) + WhiteKernel(noise_level=10)""}",1y,target_holdout,ee,1y,29,1am|1i|1p|1ao|1ab|1af|1x|1u|1l|1aj|1aa|1k|1s|1ac|1g|1c|1o|1w|1t|1q|1v|1ai|1b|1ag|1n|1j|1m|1ah|1d,8,13.017241379310326,1a|1ae|1ak|1al|1e|1f|1h|1r
