domain,catalyst_id,pathway,substrate_id,product_id,starting_azide_smiles,starting_azide_smiles_canonical,starting_nitrene_smiles,product_smiles_recorded,product_smiles_canonical,product_smiles_status,ee_percent,yield_percent,reported_reactive_site,source_location,canonical_overlap_group,paired_substrate_id
P7,fe-p7-cl,diaryl-ethyl-parent,1a,2a,N#N=Nc1ccccc1CCc2ccccc2,[N-]=[N+]=Nc1ccccc1CCc1ccccc1,[N]c1ccccc1CCc2ccccc2,[NH:3]1[c:4]2[cH:5][cH:6][cH:7][cH:8][c:9]2[CH2:10][C@H:11]1[c:12]1[cH:13][cH:14][cH:15][cH:16][cH:17]1,c1ccc([C@@H]2Cc3ccccc3N2)cc1,recorded,92,97,1a-c11-benzylic,Main paper p. 24004 Table 1 entry 1,,
P7,fe-p7-cl,diaryl-ethyl-aryl-substituted,1b,2b,Cc1ccccc1CCc2ccccc2N=N#N,Cc1ccccc1CCc1ccccc1N=[N+]=[N-],Cc1ccccc1CCc2ccccc2[N],,,missing_in_curated_record,80,99,1b-c8-benzylic,Main paper p. 24004 Table 1 entry 2,Cc1ccccc1CCc1ccccc1N=[N+]=[N-],2k
P7,fe-p7-cl,diaryl-ethyl-aryl-substituted,1c,2c,Cc2cccc(CCc1ccccc1N=N#N)c2,Cc1cccc(CCc2ccccc2N=[N+]=[N-])c1,Cc2cccc(CCc1ccccc1[N])c2,,,missing_in_curated_record,92,72,1c-c7-benzylic,Main paper p. 24004 Table 1 entry 3,Cc1cccc(CCc2ccccc2N=[N+]=[N-])c1,2g
P7,fe-p7-cl,diaryl-ethyl-aryl-substituted,1d,2d,COc2ccc(CCc1ccccc1N=N#N)cc2,COc1ccc(CCc2ccccc2N=[N+]=[N-])cc1,COc2ccc(CCc1ccccc1[N])cc2,,,missing_in_curated_record,90,99,1d-c7-benzylic,Main paper p. 24004 Table 1 entry 4,COc1ccc(CCc2ccccc2N=[N+]=[N-])cc1,2d
P7,fe-p7-cl,diaryl-ethyl-aryl-substituted,1e,2e,N#N=Nc1ccccc1CCc2ccc(C(F)(F)F)cc2,[N-]=[N+]=Nc1ccccc1CCc1ccc(C(F)(F)F)cc1,[N]c1ccccc1CCc2ccc(C(F)(F)F)cc2,[NH:3]1[c:4]2[cH:5][cH:6][cH:7][cH:8][c:9]2[CH2:10][C@H:11]1[c:12]1[cH:13][cH:14][c:15]([C:18]([F:19])([F:20])[F:21])[cH:16][cH:17]1,FC(F)(F)c1ccc([C@@H]2Cc3ccccc3N2)cc1,recorded,92,95,1e-c11-benzylic,Main paper p. 24004 Table 1 entry 5,,
P7,fe-p7-cl,diaryl-ethyl-aryl-substituted,1f,2f,N#N=Nc1ccccc1CCc2cccc(F)c2,[N-]=[N+]=Nc1ccccc1CCc1cccc(F)c1,[N]c1ccccc1CCc2cccc(F)c2,,,missing_in_curated_record,90,82,1f-c11-benzylic,Main paper p. 24004 Table 1 entry 6,[N-]=[N+]=Nc1ccccc1CCc1cccc(F)c1,2i
P7,fe-p7-cl,diaryl-ethyl-aryl-substituted,1g,2g,N#N=Nc1ccccc1CCc2ccc(F)cc2,[N-]=[N+]=Nc1ccccc1CCc1ccc(F)cc1,[N]c1ccccc1CCc2ccc(F)cc2,,,missing_in_curated_record,90,92,1g-c11-benzylic,Main paper p. 24004 Table 1 entry 7,[N-]=[N+]=Nc1ccccc1CCc1ccc(F)cc1,2c
P7,fe-p7-cl,diaryl-ethyl-aryl-substituted,1h,2h,N#N=Nc1ccccc1CCc2ccc(Cl)cc2,[N-]=[N+]=Nc1ccccc1CCc1ccc(Cl)cc1,[N]c1ccccc1CCc2ccc(Cl)cc2,,,missing_in_curated_record,90,95,1h-c11-benzylic,Main paper p. 24004 Table 1 entry 8,,
P7,fe-p7-cl,diaryl-ethyl-aryl-substituted,1i,2i,Cc2cccc(CCc1ccccc1)c2N=N#N,Cc1cccc(CCc2ccccc2)c1N=[N+]=[N-],Cc2cccc(CCc1ccccc1)c2[N],,,missing_in_curated_record,73,93,1i-c8-benzylic,Main paper p. 24004 Table 1 entry 9,Cc1cccc(CCc2ccccc2)c1N=[N+]=[N-],2r
P7,fe-p7-cl,diaryl-ethyl-aryl-substituted,1j,2j,Cc2ccc(N=N#N)c(CCc1ccccc1)c2,Cc1ccc(N=[N+]=[N-])c(CCc2ccccc2)c1,Cc2ccc([N])c(CCc1ccccc1)c2,[NH:3]1[c:4]2[cH:5][cH:6][c:7]([CH3:18])[cH:8][c:9]2[CH2:10][C@H:11]1[c:12]1[cH:13][cH:14][cH:15][cH:16][cH:17]1,Cc1ccc2c(c1)C[C@@H](c1ccccc1)N2,recorded,95,90,1j-c11-benzylic,Main paper p. 24004 Table 1 entry 10,Cc1ccc(N=[N+]=[N-])c(CCc2ccccc2)c1,2u
P7,fe-p7-cl,diaryl-ethyl-aryl-substituted,1k,2k,COc2ccc(N=N#N)c(CCc1ccccc1)c2,COc1ccc(N=[N+]=[N-])c(CCc2ccccc2)c1,COc2ccc([N])c(CCc1ccccc1)c2,,,missing_in_curated_record,95,60,1k-c12-benzylic,Main paper p. 24004 Table 1 entry 11,COc1ccc(N=[N+]=[N-])c(CCc2ccccc2)c1,2w
P7,fe-p7-cl,diaryl-ethyl-aryl-substituted,1l,2l,N#N=Nc1cc(C(F)(F)F)ccc1CCc2ccccc2,[N-]=[N+]=Nc1cc(C(F)(F)F)ccc1CCc1ccccc1,[N]c1cc(C(F)(F)F)ccc1CCc2ccccc2,,,missing_in_curated_record,82,72,1l-c15-benzylic,Main paper p. 24004 Table 1 entry 12,,
P7,fe-p7-cl,diaryl-ethyl-aryl-substituted,1m,2m,N#N=Nc1ccc(F)cc1CCc2ccccc2,[N-]=[N+]=Nc1ccc(F)cc1CCc1ccccc1,[N]c1ccc(F)cc1CCc2ccccc2,,,missing_in_curated_record,94,98,1m-c12-benzylic,Main paper p. 24004 Table 1 entry 13,,
P7,fe-p7-cl,polycyclic-aryl,1n,2n,N#N=Nc1ccccc1CCc3ccc2ccccc2c3,[N-]=[N+]=Nc1ccccc1CCc1ccc2ccccc2c1,[N]c1ccccc1CCc3ccc2ccccc2c3,,,missing_in_curated_record,91,96,1n-c11-benzylic,Main paper p. 24004 Table 1 entry 14,[N-]=[N+]=Nc1ccccc1CCc1ccc2ccccc2c1,2m
P7,fe-p7-cl,oxygen-heteroaryl,1o,2o,N#N=Nc1ccccc1CCc2ccoc2,[N-]=[N+]=Nc1ccccc1CCc1ccoc1,[N]c1ccccc1CCc2ccoc2,[NH:3]1[c:4]2[cH:5][cH:6][cH:7][cH:8][c:9]2[CH2:10][C@H:11]1[c:12]1[cH:13][cH:14][o:15][cH:16]1,c1ccc2c(c1)C[C@@H](c1ccoc1)N2,recorded,89,94,1o-c11-benzylic,Main paper p. 24004 Table 1 entry 15,,
P7,fe-p7-cl,oxygen-heteroaryl-fused,1p,2p,N#N=Nc1ccccc1CCc3cc2ccccc2o3,[N-]=[N+]=Nc1ccccc1CCc1cc2ccccc2o1,[N]c1ccccc1CCc3cc2ccccc2o3,[NH:3]1[c:4]2[cH:5][cH:6][cH:7][cH:8][c:9]2[CH2:10][C@H:11]1[c:12]1[cH:13][c:14]2[cH:15][cH:16][cH:17][cH:18][c:19]2[o:20]1,c1ccc2c(c1)C[C@@H](c1cc3ccccc3o1)N2,recorded,61,84,1p-c11-benzylic,Main paper p. 24004 Table 1 entry 16,[N-]=[N+]=Nc1ccccc1CCc1cc2ccccc2o1,2o
P7,fe-p7-cl,oxygen-heteroaryl-fused,1q,2q,N#N=Nc1ccccc1CCc3ccc2occc2c3,[N-]=[N+]=Nc1ccccc1CCc1ccc2occc2c1,[N]c1ccccc1CCc3ccc2occc2c3,,,missing_in_curated_record,90,95,1q-c11-benzylic,Main paper p. 24004 Table 1 entry 17,,
P7,fe-p7-cl,oxygen-heterocycle-fused,1r,2r,N#N=Nc1ccccc1CCc3ccc2OCCc2c3,[N-]=[N+]=Nc1ccccc1CCc1ccc2c(c1)CCO2,[N]c1ccccc1CCc3ccc2OCCc2c3,,,missing_in_curated_record,91,98,1r-c11-benzylic,Main paper p. 24004 Table 1 entry 18,,
P7,fe-p7-cl,oxygen-heterocycle-fused,1s,2s,N#N=Nc1ccccc1CCc2cccc3OCOc23,[N-]=[N+]=Nc1ccccc1CCc1cccc2c1OCO2,[N]c1ccccc1CCc2cccc3OCOc23,,,missing_in_curated_record,80,47,1s-c11-benzylic,Main paper p. 24004 Table 1 entry 19,,
P7,fe-p7-cl,oxygen-heterocycle-fused,1t,2t,N#N=Nc1ccccc1CCc3ccc2OCCOc2c3,[N-]=[N+]=Nc1ccccc1CCc1ccc2c(c1)OCCO2,[N]c1ccccc1CCc3ccc2OCCOc2c3,,,missing_in_curated_record,91,99,1t-c11-benzylic,Main paper p. 24004 Table 1 entry 20,,
P7,fe-p7-cl,carbonyl-heterocycle-fused,1u,2u,N#N=Nc1ccccc1CCc3ccc2C(=O)OCc2c3,[N-]=[N+]=Nc1ccccc1CCc1ccc2c(c1)COC2=O,[N]c1ccccc1CCc3ccc2C(=O)OCc2c3,,,missing_in_curated_record,86,64,1u-c11-benzylic,Main paper p. 24004 Table 1 entry 21,,
P7,fe-p7-cl,sulfur-heteroaryl,1v,2v,N#N=Nc1ccccc1CCc2ccsc2,[N-]=[N+]=Nc1ccccc1CCc1ccsc1,[N]c1ccccc1CCc2ccsc2,[NH:3]1[c:4]2[cH:5][cH:6][cH:7][cH:8][c:9]2[CH2:10][C@H:11]1[c:12]1[cH:13][cH:14][s:15][cH:16]1,c1ccc2c(c1)C[C@@H](c1ccsc1)N2,recorded,91,95,1v-c11-benzylic,Main paper p. 24004 Table 1 entry 22,,
P7,fe-p7-cl,sulfur-heteroaryl-fused,1w,2w,N#N=Nc1ccccc1CCc3cc2ccccc2s3,[N-]=[N+]=Nc1ccccc1CCc1cc2ccccc2s1,[N]c1ccccc1CCc3cc2ccccc2s3,,,missing_in_curated_record,92,99,1w-c11-benzylic,Main paper p. 24004 Table 1 entry 23,[N-]=[N+]=Nc1ccccc1CCc1cc2ccccc2s1,2q
P7,fe-p7-cl,sulfur-heteroaryl-fused,1x,2x,N#N=Nc1ccccc1CCc2csc3ccccc23,[N-]=[N+]=Nc1ccccc1CCc1csc2ccccc12,[N]c1ccccc1CCc2csc3ccccc23,,,missing_in_curated_record,94,99,1x-c11-benzylic,Main paper p. 24004 Table 1 entry 24,,
P7,fe-p7-cl,sulfur-heterocycle-fused,1y,2y,N#N=Nc1ccccc1CCc3ccc2SCCc2c3,[N-]=[N+]=Nc1ccccc1CCc1ccc2c(c1)CCS2,[N]c1ccccc1CCc3ccc2SCCc2c3,,,missing_in_curated_record,91,97,1y-c11-benzylic,Main paper p. 24004 Table 1 entry 25,,
P7,fe-p7-cl,nitrogen-heteroaryl,1z,2z,N#N=Nc1ccccc1CCc2ccccn2,[N-]=[N+]=Nc1ccccc1CCc1ccccn1,[N]c1ccccc1CCc2ccccn2,,,missing_in_curated_record,0,95,1z-c11-benzylic,Main paper p. 24004 Table 1 entry 26,,
P7,fe-p7-cl,nitrogen-heteroaryl,1aa,2aa,N#N=Nc1ccccc1CCc2ccnc(Cl)c2,[N-]=[N+]=Nc1ccccc1CCc1ccnc(Cl)c1,[N]c1ccccc1CCc2ccnc(Cl)c2,[NH:3]1[c:4]2[cH:5][cH:6][cH:7][cH:8][c:9]2[CH2:10][C@H:11]1[c:12]1[cH:13][cH:14][n:15][c:16]([Cl:18])[cH:17]1,Clc1cc([C@@H]2Cc3ccccc3N2)ccn1,recorded,88,96,1aa-c11-benzylic,Main paper p. 24004 Table 1 entry 27,,
P7,fe-p7-cl,nitrogen-heteroaryl,1ab,2ab,N#N=Nc1cccnc1CCc2ccccc2,[N-]=[N+]=Nc1cccnc1CCc1ccccc1,[N]c1cccnc1CCc2ccccc2,,,missing_in_curated_record,95,95,1ab-c11-benzylic,Main paper p. 24004 Table 1 entry 28,,
P7,fe-p7-cl,silyl-alkyl-aryl,1ac,2ac,C[Si](C)(C)CCCc1ccccc1N=N#N,C[Si](C)(C)CCCc1ccccc1N=[N+]=[N-],C[Si](C)(C)CCCc1ccccc1[N],[NH:3]1[c:4]2[cH:5][cH:6][cH:7][cH:8][c:9]2[CH2:10][C@H:11]1[CH2:12][Si:13]([CH3:14])([CH3:15])[CH3:16],C[Si](C)(C)C[C@@H]1Cc2ccccc2N1,recorded,67,85,1ac-c11-benzylic_adjacent,Main paper p. 24004 Table 1 entry 29,,
P7,fe-p7-cl,thioether-linker,1ad,2ad,N#N=Nc1ccccc1SCc2ccccc2,[N-]=[N+]=Nc1ccccc1SCc1ccccc1,[N]c1ccccc1SCc2ccccc2,[NH:3]1[c:4]2[cH:5][cH:6][cH:7][cH:8][c:9]2[S:10][C@H:11]1[c:12]1[cH:13][cH:14][cH:15][cH:16][cH:17]1,c1ccc([C@H]2Nc3ccccc3S2)cc1,recorded,0,87,1ad-c11-benzylic,Main paper p. 24004 Table 1 entry 30,,
P7,fe-p7-cl,carbonyl-alkyl-aryl,1ae,2ae,COC(=O)CCc1ccccc1N=N#N,COC(=O)CCc1ccccc1N=[N+]=[N-],COC(=O)CCc1ccccc1[N],[NH:3]1[c:4]2[cH:5][cH:6][cH:7][cH:8][c:9]2[CH2:10][C@H:11]1[C:12](=[O:15])[O:13][CH3:14],COC(=O)[C@@H]1Cc2ccccc2N1,recorded,53,21,1ae-c11-carbonyl_alpha,Main paper p. 24004 Table 1 entry 31,,
P7,fe-p7-cl,carbonyl-alkyl-aryl,1af,2af,CCOC(=O)CCc1ccccc1N=N#N,CCOC(=O)CCc1ccccc1N=[N+]=[N-],CCOC(=O)CCc1ccccc1[N],,,missing_in_curated_record,61,72,1af-c6-carbonyl_alpha,Main paper p. 24004 Table 1 entry 32,,
P7,fe-p7-cl,carbonyl-alkyl-aryl,1ag,2ag,CN(C)C(=O)CCc1ccccc1N=N#N,CN(C)C(=O)CCc1ccccc1N=[N+]=[N-],CN(C)C(=O)CCc1ccccc1[N],,,missing_in_curated_record,90,67,1ag-c6-carbonyl_alpha,Main paper p. 24004 Table 1 entry 33,,
P7,fe-p7-cl,alkyl-aryl-chain,1ah,2ah,CCCCc1ccccc1N=N#N,CCCCc1ccccc1N=[N+]=[N-],CCCCc1ccccc1[N],[NH:3]1[c:4]2[cH:5][cH:6][cH:7][cH:8][c:9]2[CH2:10][C@H:11]1[CH2:12][CH3:13],CC[C@@H]1Cc2ccccc2N1,recorded,50,75,1ah-c11-benzylic_adjacent,Main paper p. 24004 Table 1 entry 34,CCCCc1ccccc1N=[N+]=[N-],4b
P7,fe-p7-cl,alkyl-aryl-chain,1ai,2ai,N#N=Nc1ccccc1CCCCc2ccccc2,[N-]=[N+]=Nc1ccccc1CCCCc1ccccc1,[N]c1ccccc1CCCCc2ccccc2,,,missing_in_curated_record,50,53,1ai-c11-benzylic_adjacent,Main paper p. 24004 Table 1 entry 35,,
P7,fe-p7-cl,cycloalkyl-alkyl-aryl,1aj,2aj,N#N=Nc1ccccc1CCC2CC2,[N-]=[N+]=Nc1ccccc1CCC1CC1,[N]c1ccccc1CCC2CC2,,,missing_in_curated_record,44,71,1aj-c11-benzylic_adjacent,Main paper p. 24004 Table 1 entry 36,[N-]=[N+]=Nc1ccccc1CCC1CC1,4c
P7,fe-p7-cl,cycloalkyl-alkyl-aryl,1ak,2ak,N#N=Nc1ccccc1CCC2CCCC2,[N-]=[N+]=Nc1ccccc1CCC1CCCC1,[N]c1ccccc1CCC2CCCC2,,,missing_in_curated_record,65,74,1ak-c11-benzylic_adjacent,Main paper p. 24004 Table 1 entry 37,,
P7,fe-p7-cl,cycloalkyl-alkyl-aryl,1al,2al,N#N=Nc1ccccc1CCC2CCCCC2,[N-]=[N+]=Nc1ccccc1CCC1CCCCC1,[N]c1ccccc1CCC2CCCCC2,,,missing_in_curated_record,73,51,1al-c11-benzylic_adjacent,Main paper p. 24004 Table 1 entry 38,,
P7,fe-p7-cl,cycloalkyl-aryl,1am,2am,N#N=Nc1ccccc1C2CCCC2,[N-]=[N+]=Nc1ccccc1C1CCCC1,[N]c1ccccc1C2CCCC2,[NH:3]1[c:4]2[cH:5][cH:6][cH:7][cH:8][c:9]2[CH:10]2[C@H:11]1[CH2:12][CH2:13][CH2:14]2,c1ccc2c(c1)N[C@@H]1CCCC21,recorded,45,98,1am-c11-cycloalkyl,Main paper p. 24004 Table 1 entry 39,,
P7,fe-p7-cl,alkenyl-cycloalkyl-aryl,1an,2an,N#N=Nc1ccccc1C2=CCCC2,[N-]=[N+]=Nc1ccccc1C1=CCCC1,[N]c1ccccc1C2=CCCC2,,,missing_in_curated_record,,88,1an-c11-cycloalkyl,Main paper p. 24004 Table 1 entry 40,,
P7,fe-p7-cl,branched-diaryl-alkyl,1ao,2ao,CC(Cc1ccccc1N=N#N)c2ccccc2,CC(Cc1ccccc1N=[N+]=[N-])c1ccccc1,CC(Cc1ccccc1[N])c2ccccc2,,,missing_in_curated_record,72,98,1ao-c2-benzylic,Main paper p. 24004 Table 1 entry 41,,
CMC-Por,cmcpor-fecl,angew-aryl-c-h-amination,2aa,2aa,C=CCCc1ccccc1N=N#N,C=CCCc1ccccc1N=[N+]=[N-],C=CCCc1ccccc1[N],C=CC2Cc1ccccc1N2,C=CC1Cc2ccccc2N1,recorded,45,89,2aa-c3-aliphatic,CSV Entry 2aa,,
CMC-Por,cmcpor-fecl,angew-aryl-c-h-amination,2ab,2ab,C=C(C)CCc1ccccc1N=N#N,C=C(C)CCc1ccccc1N=[N+]=[N-],C=C(C)CCc1ccccc1[N],C=C(C)C2Cc1ccccc1N2,C=C(C)C1Cc2ccccc2N1,recorded,39,34,2ab-c4-aliphatic,CSV Entry 2ab,,
CMC-Por,cmcpor-fecl,angew-aryl-c-h-amination,2ac,2ac,N#N=Nc1ccccc1CCC#Cc2ccccc2,[N-]=[N+]=Nc1ccccc1CCC#Cc1ccccc1,[N]c1ccccc1CCC#Cc1ccccc1,C(#CC2Cc1ccccc1N2)c3ccccc3,C(#CC1Cc2ccccc2N1)c1ccccc1,recorded,50,65,2ac-c11-aliphatic,CSV Entry 2ac,,
CMC-Por,cmcpor-fecl,angew-aryl-c-h-amination,2b,2b,Cc2ccc(CCc1ccccc1N=N#N)cc2,Cc1ccc(CCc2ccccc2N=[N+]=[N-])cc1,Cc1ccc(CCc2ccccc2[N])cc1,Cc3ccc(C2Cc1ccccc1N2)cc3,Cc1ccc(C2Cc3ccccc3N2)cc1,recorded,88,99,2b-c6-benzylic,CSV Entry 2b,,
CMC-Por,cmcpor-fecl,angew-aryl-c-h-amination,2c,2c,N#N=Nc1ccccc1CCc2ccc(F)cc2,[N-]=[N+]=Nc1ccccc1CCc1ccc(F)cc1,[N]c1ccccc1CCc1ccc(F)cc1,Fc1ccc(C2Cc3ccccc3N2)cc1,Fc1ccc(C2Cc3ccccc3N2)cc1,recorded,79,80,2c-c11-benzylic,CSV Entry 2c,[N-]=[N+]=Nc1ccccc1CCc1ccc(F)cc1,1g
CMC-Por,cmcpor-fecl,angew-aryl-c-h-amination,2d,2d,COc2ccc(CCc1ccccc1N=N#N)cc2,COc1ccc(CCc2ccccc2N=[N+]=[N-])cc1,COc1ccc(CCc2ccccc2[N])cc1,COc3ccc(C2Cc1ccccc1N2)cc3,COc1ccc(C2Cc3ccccc3N2)cc1,recorded,86,82,2d-c7-benzylic,CSV Entry 2d,COc1ccc(CCc2ccccc2N=[N+]=[N-])cc1,1d
CMC-Por,cmcpor-fecl,angew-aryl-c-h-amination,2e,2e,CN(C)c2ccc(CCc1ccccc1N=N#N)cc2,CN(C)c1ccc(CCc2ccccc2N=[N+]=[N-])cc1,CN(C)c1ccc(CCc2ccccc2[N])cc1,CN(C)c1ccc(C2Cc3ccccc3N2)cc1,CN(C)c1ccc(C2Cc3ccccc3N2)cc1,recorded,82,75,2e-c8-benzylic,CSV Entry 2e,,
CMC-Por,cmcpor-fecl,angew-aryl-c-h-amination,2f,2f,N#N=Nc1ccccc1CCc3ccc(c2ccccc2)cc3,[N-]=[N+]=Nc1ccccc1CCc1ccc(-c2ccccc2)cc1,[N]c1ccccc1CCc1ccc(-c2ccccc2)cc1,c4ccc(c3ccc(C2Cc1ccccc1N2)cc3)cc4,c1ccc(-c2ccc(C3Cc4ccccc4N3)cc2)cc1,recorded,84,99,2f-c11-benzylic,CSV Entry 2f,,
CMC-Por,cmcpor-fecl,angew-aryl-c-h-amination,2g,2g,Cc2cccc(CCc1ccccc1N=N#N)c2,Cc1cccc(CCc2ccccc2N=[N+]=[N-])c1,Cc1cccc(CCc2ccccc2[N])c1,Cc3cccc(C2Cc1ccccc1N2)c3,Cc1cccc(C2Cc3ccccc3N2)c1,recorded,86,62,2g-c7-benzylic,CSV Entry 2g,Cc1cccc(CCc2ccccc2N=[N+]=[N-])c1,1c
CMC-Por,cmcpor-fecl,angew-aryl-c-h-amination,2h,2h,COc2cccc(CCc1ccccc1N=N#N)c2,COc1cccc(CCc2ccccc2N=[N+]=[N-])c1,COc1cccc(CCc2ccccc2[N])c1,COc3cccc(C2Cc1ccccc1N2)c3,COc1cccc(C2Cc3ccccc3N2)c1,recorded,90,76,2h-c8-benzylic,CSV Entry 2h,,
CMC-Por,cmcpor-fecl,angew-aryl-c-h-amination,2i,2i,N#N=Nc1ccccc1CCc2cccc(F)c2,[N-]=[N+]=Nc1ccccc1CCc1cccc(F)c1,[N]c1ccccc1CCc1cccc(F)c1,Fc3cccc(C2Cc1ccccc1N2)c3,Fc1cccc(C2Cc3ccccc3N2)c1,recorded,73,72,2i-c11-benzylic,CSV Entry 2i,[N-]=[N+]=Nc1ccccc1CCc1cccc(F)c1,1f
CMC-Por,cmcpor-fecl,angew-aryl-c-h-amination,2j,2j,N#N=Nc1ccccc1CCc2cccc(Br)c2,[N-]=[N+]=Nc1ccccc1CCc1cccc(Br)c1,[N]c1ccccc1CCc1cccc(Br)c1,Brc3cccc(C2Cc1ccccc1N2)c3,Brc1cccc(C2Cc3ccccc3N2)c1,recorded,79,95,2j-c11-benzylic,CSV Entry 2j,,
CMC-Por,cmcpor-fecl,angew-aryl-c-h-amination,2k,2k,Cc1ccccc1CCc2ccccc2N=N#N,Cc1ccccc1CCc1ccccc1N=[N+]=[N-],Cc1ccccc1CCc1ccccc1[N],Cc1ccccc1C1Cc2ccccc2N1,Cc1ccccc1C1Cc2ccccc2N1,recorded,90,82,2k-c8-benzylic,CSV Entry 2k,Cc1ccccc1CCc1ccccc1N=[N+]=[N-],1b
CMC-Por,cmcpor-fecl,angew-aryl-c-h-amination,2l,2l,N#N=Nc1ccccc1CCc2ccccc2Cl,[N-]=[N+]=Nc1ccccc1CCc1ccccc1Cl,[N]c1ccccc1CCc1ccccc1Cl,Clc1ccccc1C1Cc2ccccc2N1,Clc1ccccc1C1Cc2ccccc2N1,recorded,78,61,2l-c11-benzylic,CSV Entry 2l,,
CMC-Por,cmcpor-fecl,angew-aryl-c-h-amination,2m,2m,N#N=Nc1ccccc1CCc3ccc2ccccc2c3,[N-]=[N+]=Nc1ccccc1CCc1ccc2ccccc2c1,[N]c1ccccc1CCc1ccc2ccccc2c1,c4ccc3NC(c2ccc1ccccc1c2)Cc3c4,c1ccc2c(c1)CC(c1ccc3ccccc3c1)N2,recorded,87,97,2m-c11-benzylic,CSV Entry 2m,[N-]=[N+]=Nc1ccccc1CCc1ccc2ccccc2c1,1n
CMC-Por,cmcpor-fecl,angew-aryl-c-h-amination,2n,2n,N#N=Nc1ccccc1CCc2ccco2,[N-]=[N+]=Nc1ccccc1CCc1ccco1,[N]c1ccccc1CCc1ccco1,c3ccc2NC(c1ccco1)Cc2c3,c1coc(C2Cc3ccccc3N2)c1,recorded,60,95,2n-c11-benzylic,CSV Entry 2n,,
CMC-Por,cmcpor-fecl,angew-aryl-c-h-amination,2o,2o,N#N=Nc1ccccc1CCc3cc2ccccc2o3,[N-]=[N+]=Nc1ccccc1CCc1cc2ccccc2o1,[N]c1ccccc1CCc1cc2ccccc2o1,c4ccc3NC(c2cc1ccccc1o2)Cc3c4,c1ccc2c(c1)CC(c1cc3ccccc3o1)N2,recorded,56,30,2o-c11-benzylic,CSV Entry 2o,[N-]=[N+]=Nc1ccccc1CCc1cc2ccccc2o1,1p
CMC-Por,cmcpor-fecl,angew-aryl-c-h-amination,2p,2p,N#N=Nc1ccccc1CCc2cccs2,[N-]=[N+]=Nc1ccccc1CCc1cccs1,[N]c1ccccc1CCc1cccs1,c3ccc2NC(c1cccs1)Cc2c3,c1csc(C2Cc3ccccc3N2)c1,recorded,71,74,2p-c11-benzylic,CSV Entry 2p,,
CMC-Por,cmcpor-fecl,angew-aryl-c-h-amination,2q,2q,N#N=Nc1ccccc1CCc3cc2ccccc2s3,[N-]=[N+]=Nc1ccccc1CCc1cc2ccccc2s1,[N]c1ccccc1CCc1cc2ccccc2s1,c4ccc3NC(c2cc1ccccc1s2)Cc3c4,c1ccc2c(c1)CC(c1cc3ccccc3s1)N2,recorded,51,56,2q-c11-benzylic,CSV Entry 2q,[N-]=[N+]=Nc1ccccc1CCc1cc2ccccc2s1,1w
CMC-Por,cmcpor-fecl,angew-aryl-c-h-amination,2r,2r,Cc2cccc(CCc1ccccc1)c2N=N#N,Cc1cccc(CCc2ccccc2)c1N=[N+]=[N-],Cc1cccc(CCc2ccccc2)c1[N],Cc2cccc3CC(c1ccccc1)Nc23,Cc1cccc2c1NC(c1ccccc1)C2,recorded,80,63,2r-c8-benzylic,CSV Entry 2r,Cc1cccc(CCc2ccccc2)c1N=[N+]=[N-],1i
CMC-Por,cmcpor-fecl,angew-aryl-c-h-amination,2s,2s,Cc2ccc(CCc1ccccc1)c(N=N#N)c2,Cc1ccc(CCc2ccccc2)c(N=[N+]=[N-])c1,Cc1ccc(CCc2ccccc2)c([N])c1,Cc3ccc2CC(c1ccccc1)Nc2c3,Cc1ccc2c(c1)NC(c1ccccc1)C2,recorded,72,70,2s-c7-benzylic,CSV Entry 2s,,
CMC-Por,cmcpor-fecl,angew-aryl-c-h-amination,2t,2t,Cc1cccc(N=N#N)c1CCc2ccccc2,Cc1cccc(N=[N+]=[N-])c1CCc1ccccc1,Cc1cccc([N])c1CCc1ccccc1,Cc2cccc3NC(c1ccccc1)Cc23,Cc1cccc2c1CC(c1ccccc1)N2,recorded,74,81,2t-c12-benzylic,CSV Entry 2t,,
CMC-Por,cmcpor-fecl,angew-aryl-c-h-amination,2u,2u,Cc2ccc(N=N#N)c(CCc1ccccc1)c2,Cc1ccc(N=[N+]=[N-])c(CCc2ccccc2)c1,Cc1ccc([N])c(CCc2ccccc2)c1,Cc3ccc2NC(c1ccccc1)Cc2c3,Cc1ccc2c(c1)CC(c1ccccc1)N2,recorded,84,97,2u-c11-benzylic,CSV Entry 2u,Cc1ccc(N=[N+]=[N-])c(CCc2ccccc2)c1,1j
CMC-Por,cmcpor-fecl,angew-aryl-c-h-amination,2v,2v,CC(C)(C)c2ccc(N=N#N)c(CCc1ccccc1)c2,CC(C)(C)c1ccc(N=[N+]=[N-])c(CCc2ccccc2)c1,CC(C)(C)c1ccc([N])c(CCc2ccccc2)c1,CC(C)(C)c3ccc2NC(c1ccccc1)Cc2c3,CC(C)(C)c1ccc2c(c1)CC(c1ccccc1)N2,recorded,84,84,2v-c14-benzylic,CSV Entry 2v,,
CMC-Por,cmcpor-fecl,angew-aryl-c-h-amination,2w,2w,COc2ccc(N=N#N)c(CCc1ccccc1)c2,COc1ccc(N=[N+]=[N-])c(CCc2ccccc2)c1,COc1ccc([N])c(CCc2ccccc2)c1,COc3ccc2NC(c1ccccc1)Cc2c3,COc1ccc2c(c1)CC(c1ccccc1)N2,recorded,81,35,2w-c12-benzylic,CSV Entry 2w,COc1ccc(N=[N+]=[N-])c(CCc2ccccc2)c1,1k
CMC-Por,cmcpor-fecl,angew-aryl-c-h-amination,2x,2x,N#N=Nc1ccc(C(F)(F)F)cc1CCc2ccccc2,[N-]=[N+]=Nc1ccc(C(F)(F)F)cc1CCc1ccccc1,[N]c1ccc(C(F)(F)F)cc1CCc1ccccc1,FC(F)(F)c3ccc2NC(c1ccccc1)Cc2c3,FC(F)(F)c1ccc2c(c1)CC(c1ccccc1)N2,recorded,79,71,2x-c15-benzylic,CSV Entry 2x,,
CMC-Por,cmcpor-fecl,angew-aryl-c-h-amination,2y,2y,CC(=O)c2ccc(N=N#N)c(CCc1ccccc1)c2,CC(=O)c1ccc(N=[N+]=[N-])c(CCc2ccccc2)c1,CC(=O)c1ccc([N])c(CCc2ccccc2)c1,CC(=O)c3ccc2NC(c1ccccc1)Cc2c3,CC(=O)c1ccc2c(c1)CC(c1ccccc1)N2,recorded,71,73,2y-c13-benzylic,CSV Entry 2y,,
CMC-Por,cmcpor-fecl,angew-aryl-c-h-amination,2z,2z,Cc2cc(C)c(N=N#N)c(CCc1ccccc1)c2,Cc1cc(C)c(N=[N+]=[N-])c(CCc2ccccc2)c1,Cc1cc(C)c([N])c(CCc2ccccc2)c1,Cc3cc(C)c2NC(c1ccccc1)Cc2c3,Cc1cc(C)c2c(c1)CC(c1ccccc1)N2,recorded,70,70,2z-c12-benzylic,CSV Entry 2z,,
CMC-Por,cmcpor-fecl,angew-aryl-c-h-amination,4a,4a,CCCc1ccccc1N=N#N,CCCc1ccccc1N=[N+]=[N-],CCCc1ccccc1[N],CC2Cc1ccccc1N2,CC1Cc2ccccc2N1,recorded,7,62,4a-c2-aliphatic,CSV Entry 4a,,
CMC-Por,cmcpor-fecl,angew-aryl-c-h-amination,4b,4b,CCCCc1ccccc1N=N#N,CCCCc1ccccc1N=[N+]=[N-],CCCCc1ccccc1[N],CCC2Cc1ccccc1N2,CCC1Cc2ccccc2N1,recorded,8,48,4b-c3-aliphatic,CSV Entry 4b,CCCCc1ccccc1N=[N+]=[N-],1ah
CMC-Por,cmcpor-fecl,angew-aryl-c-h-amination,4c,4c,N#N=Nc1ccccc1CCC2CC2,[N-]=[N+]=Nc1ccccc1CCC1CC1,[N]c1ccccc1CCC1CC1,c1ccc2c(c1)CC(C1CC1)N2,c1ccc2c(c1)CC(C1CC1)N2,recorded,50,69,4c-c11-aliphatic,CSV Entry 4c,[N-]=[N+]=Nc1ccccc1CCC1CC1,1aj
CMC-Por,cmcpor-fecl,angew-aryl-c-h-amination,4d,4d,CC(CCc1ccccc1N=N#N)c2ccccc2,CC(CCc1ccccc1N=[N+]=[N-])c1ccccc1,CC(CCc1ccccc1[N])c1ccccc1,CC3(c1ccccc1)CCc2ccccc2N3,CC1(c2ccccc2)CCc2ccccc2N1,recorded,22,20,4d-c2-benzylic,CSV Entry 4d,,
CMC-Por,cmcpor-fecl,angew-aryl-c-h-amination,4e,4e,CC(C)(C)OC(=O)C2(c1ccccc1N=N#N)CCCCC2,CC(C)(C)OC(=O)C1(c2ccccc2N=[N+]=[N-])CCCCC1,CC(C)(C)OC(=O)C1(c2ccccc2[N])CCCCC1,CC(C)(C)OC(=O)C12CCCCC1Nc1ccccc12,CC(C)(C)OC(=O)C12CCCCC1Nc1ccccc12,recorded,56,37,4e-c18-cycloalkyl,CSV Entry 4e,,
CMC-Por,cmcpor-fecl,angew-sulfonyl-c-h-amination,6a,6a,N#N=NS(=O)(=O)c1ccccc1Cc2ccccc2,[N-]=[N+]=NS(=O)(=O)c1ccccc1Cc1ccccc1,[N]S(=O)(=O)c1ccccc1Cc1ccccc1,O=S3(=O)NC(c1ccccc1)c2ccccc23,O=S1(=O)NC(c2ccccc2)c2ccccc21,recorded,81,88,6a-c13-benzylic,CSV Entry 6a,,
CMC-Por,cmcpor-fecl,angew-sulfonyl-c-h-amination,6b,6b,Cc2ccc(Cc1ccccc1S(=O)(=O)N=N#N)cc2,Cc1ccc(Cc2ccccc2S(=O)(=O)N=[N+]=[N-])cc1,Cc1ccc(Cc2ccccc2S([N])(=O)=O)cc1,Cc1ccc(C2NS(=O)(=O)c3ccccc32)cc1,Cc1ccc(C2NS(=O)(=O)c3ccccc32)cc1,recorded,93,93,6b-c6-benzylic,CSV Entry 6b,,
CMC-Por,cmcpor-fecl,angew-sulfonyl-c-h-amination,6c,6c,COc2ccc(Cc1ccccc1S(=O)(=O)N=N#N)cc2,COc1ccc(Cc2ccccc2S(=O)(=O)N=[N+]=[N-])cc1,COc1ccc(Cc2ccccc2S([N])(=O)=O)cc1,COc3ccc(C2NS(=O)(=O)c1ccccc12)cc3,COc1ccc(C2NS(=O)(=O)c3ccccc32)cc1,recorded,89,90,6c-c7-benzylic,CSV Entry 6c,,
CMC-Por,cmcpor-fecl,angew-sulfonyl-c-h-amination,6d,6d,CC(C)(C)c2ccc(Cc1ccccc1S(=O)(=O)N=N#N)cc2,CC(C)(C)c1ccc(Cc2ccccc2S(=O)(=O)N=[N+]=[N-])cc1,CC(C)(C)c1ccc(Cc2ccccc2S([N])(=O)=O)cc1,CC(C)(C)c3ccc(C2NS(=O)(=O)c1ccccc12)cc3,CC(C)(C)c1ccc(C2NS(=O)(=O)c3ccccc32)cc1,recorded,93,98,6d-c9-benzylic,CSV Entry 6d,,
CMC-Por,cmcpor-fecl,angew-sulfonyl-c-h-amination,6e,6e,N#N=NS(=O)(=O)c1ccccc1Cc2ccc(Cl)cc2,[N-]=[N+]=NS(=O)(=O)c1ccccc1Cc1ccc(Cl)cc1,[N]S(=O)(=O)c1ccccc1Cc1ccc(Cl)cc1,O=S3(=O)NC(c1ccc(Cl)cc1)c2ccccc23,O=S1(=O)NC(c2ccc(Cl)cc2)c2ccccc21,recorded,82,88,6e-c13-benzylic,CSV Entry 6e,,
CMC-Por,cmcpor-fecl,angew-sulfonyl-c-h-amination,6f,6f,N#N=NS(=O)(=O)c1ccccc1Cc2ccc(F)cc2,[N-]=[N+]=NS(=O)(=O)c1ccccc1Cc1ccc(F)cc1,[N]S(=O)(=O)c1ccccc1Cc1ccc(F)cc1,O=S3(=O)NC(c1ccc(F)cc1)c2ccccc23,O=S1(=O)NC(c2ccc(F)cc2)c2ccccc21,recorded,89,90,6f-c13-benzylic,CSV Entry 6f,,
CMC-Por,cmcpor-fecl,angew-sulfonyl-c-h-amination,6g,6g,Cc2cccc(Cc1ccccc1S(=O)(=O)N=N#N)c2,Cc1cccc(Cc2ccccc2S(=O)(=O)N=[N+]=[N-])c1,Cc1cccc(Cc2ccccc2S([N])(=O)=O)c1,Cc1cccc(C2NS(=O)(=O)c3ccccc32)c1,Cc1cccc(C2NS(=O)(=O)c3ccccc32)c1,recorded,88,96,6g-c7-benzylic,CSV Entry 6g,,
CMC-Por,cmcpor-fecl,angew-sulfonyl-c-h-amination,6h,6h,Cc1ccccc1Cc2ccccc2S(=O)(=O)N=N#N,Cc1ccccc1Cc1ccccc1S(=O)(=O)N=[N+]=[N-],Cc1ccccc1Cc1ccccc1S([N])(=O)=O,Cc1ccccc1C3NS(=O)(=O)c2ccccc23,Cc1ccccc1C1NS(=O)(=O)c2ccccc21,recorded,84,90,6h-c8-benzylic,CSV Entry 6h,,
CMC-Por,cmcpor-fecl,angew-sulfonyl-c-h-amination,6i,6i,Cc2ccc(S(=O)(=O)N=N#N)c(Cc1ccccc1)c2,Cc1ccc(S(=O)(=O)N=[N+]=[N-])c(Cc2ccccc2)c1,Cc1ccc(S([N])(=O)=O)c(Cc2ccccc2)c1,Cc1ccc3c(c1)C(c2ccccc2)NS3(=O)=O,Cc1ccc2c(c1)C(c1ccccc1)NS2(=O)=O,recorded,88,92,6i-c13-benzylic,CSV Entry 6i,,
CMC-Por,cmcpor-fecl,angew-sulfonyl-c-h-amination,6j,6j,N#N=NS(=O)(=O)c1ccc(Cl)cc1Cc2ccccc2,[N-]=[N+]=NS(=O)(=O)c1ccc(Cl)cc1Cc1ccccc1,[N]S(=O)(=O)c1ccc(Cl)cc1Cc1ccccc1,O=S1(=O)NC(c2ccccc2)c2cc(Cl)ccc21,O=S1(=O)NC(c2ccccc2)c2cc(Cl)ccc21,recorded,87,92,6j-c14-benzylic,CSV Entry 6j,,
CMC-Por,cmcpor-fecl,angew-sulfonyl-c-h-amination,6k,6k,N#N=NS(=O)(=O)c1ccc(C(F)(F)F)cc1Cc2ccccc2,[N-]=[N+]=NS(=O)(=O)c1ccc(C(F)(F)F)cc1Cc1ccccc1,[N]S(=O)(=O)c1ccc(C(F)(F)F)cc1Cc1ccccc1,O=S3(=O)NC(c1ccccc1)c2cc(C(F)(F)F)ccc23,O=S1(=O)NC(c2ccccc2)c2cc(C(F)(F)F)ccc21,recorded,93,93,6k-c17-benzylic,CSV Entry 6k,,
CMC-Por,cmcpor-fecl,angew-sulfonyl-c-h-amination,6l,6l,N#N=NS(=O)(=O)c2cc1ccccc1cc2Cc3ccccc3,[N-]=[N+]=NS(=O)(=O)c1cc2ccccc2cc1Cc1ccccc1,[N]S(=O)(=O)c1cc2ccccc2cc1Cc1ccccc1,O=S4(=O)NC(c1ccccc1)c3cc2ccccc2cc34,O=S1(=O)NC(c2ccccc2)c2cc3ccccc3cc21,recorded,58,99,6l-c17-benzylic,CSV Entry 6l,,
CMC-Por,cmcpor-fecl,angew-sulfonyl-c-h-amination,6m,6m,CCc1ccccc1S(=O)(=O)N=N#N,CCc1ccccc1S(=O)(=O)N=[N+]=[N-],CCc1ccccc1S([N])(=O)=O,CC1NS(=O)(=O)c2ccccc21,CC1NS(=O)(=O)c2ccccc21,recorded,30,33,6m-c2-benzylic,CSV Entry 6m,,
CMC-Por,cmcpor-fecl,angew-sulfonyl-c-h-amination,6n,6n,N#N=NS(=O)(=O)c1ccccc1CCc2ccccc2,[N-]=[N+]=NS(=O)(=O)c1ccccc1CCc1ccccc1,[N]S(=O)(=O)c1ccccc1CCc1ccccc1,O=S3(=O)NC(c1ccccc1)Cc2ccccc23,O=S1(=O)NC(c2ccccc2)Cc2ccccc21,recorded,79,85,6n-c14-benzylic,CSV Entry 6n,,
CMC-Por,cmcpor-fecl,angew-sulfonyl-c-h-amination,6o,6o,Cc2ccc(CCc1ccccc1S(=O)(=O)N=N#N)cc2,Cc1ccc(CCc2ccccc2S(=O)(=O)N=[N+]=[N-])cc1,Cc1ccc(CCc2ccccc2S([N])(=O)=O)cc1,Cc3ccc(C2Cc1ccccc1S(=O)(=O)N2)cc3,Cc1ccc(C2Cc3ccccc3S(=O)(=O)N2)cc1,recorded,90,68,6o-c6-benzylic,CSV Entry 6o,,
CMC-Por,cmcpor-fecl,angew-sulfonyl-c-h-amination,6p,6p,Cc2cccc(CCc1ccccc1S(=O)(=O)N=N#N)c2,Cc1cccc(CCc2ccccc2S(=O)(=O)N=[N+]=[N-])c1,Cc1cccc(CCc2ccccc2S([N])(=O)=O)c1,Cc3cccc(C2Cc1ccccc1S(=O)(=O)N2)c3,Cc1cccc(C2Cc3ccccc3S(=O)(=O)N2)c1,recorded,84,61,6p-c7-benzylic,CSV Entry 6p,,
CMC-Por,cmcpor-fecl,angew-sulfonyl-c-h-amination,6q,6q,Cc1ccccc1CCc2ccccc2S(=O)(=O)N=N#N,Cc1ccccc1CCc1ccccc1S(=O)(=O)N=[N+]=[N-],Cc1ccccc1CCc1ccccc1S([N])(=O)=O,Cc1ccccc1C3Cc2ccccc2S(=O)(=O)N3,Cc1ccccc1C1Cc2ccccc2S(=O)(=O)N1,recorded,24,5,6q-c8-benzylic,CSV Entry 6q,,
