feature_name,mean,std,spearman_ee,pearson_ee
stage2p:directional_antisymmetry:all_heavy:axial_mean:mean,2.751190821978536,1.0691324375330447,0.33438664474510343,0.37375297081782904
stage2p:directional_antisymmetry:hetero:axial_mean:mean,4.244781403259737,4.279385271712086,0.27854086425836955,0.29314080349376836
stage2p:directional_symmetry:all_heavy:axial_mean:mean,1.7590962982702911,0.528684139170453,-0.03699717099798019,0.04704261473486181
stage2p:directional_symmetry:hetero:axial_mean:mean,1.4697631034102872,0.854847632301673,0.24729822580715974,0.20658226873918642
stage2p:h_to_n:all_heavy:axial_mean:all_200:mean,0.38350088728102305,0.6620062955203512,-0.15373124742926628,-0.26423468971683844
stage2p:h_to_n:all_heavy:axial_mean:bottom_100:mean,0.18903327051628707,0.6994921746715742,-0.4816222056632739,-0.4594054392044144
stage2p:h_to_n:all_heavy:axial_mean:top_100:mean,0.5779685040457591,1.0568676226869642,0.09235171691862229,-0.02696605122344924
stage2p:h_to_n:all_heavy:axial_q90:all_200:mean,3.152004122581915,0.5704794143637402,0.08886852270252749,0.13939125647658368
stage2p:h_to_n:all_heavy:axial_q90:bottom_100:mean,3.1529997004828845,0.4793713628025059,0.08133729196502515,0.1338978808077142
stage2p:h_to_n:all_heavy:axial_q90:top_100:mean,3.151008544680946,0.7370181280348759,0.1648398127670822,0.1286981575041053
stage2p:h_to_n:all_heavy:corridor_fraction:all_200:mean,0.27171356968195204,0.10933581771437141,-0.20927608944102946,-0.20257500858793281
stage2p:h_to_n:all_heavy:corridor_fraction:bottom_100:mean,0.26050861120089064,0.10600230694812468,-0.2879497442459523,-0.2605727682271103
stage2p:h_to_n:all_heavy:corridor_fraction:top_100:mean,0.28291852816301344,0.1413147858835276,-0.03117766548898858,-0.11800671642899925
stage2p:h_to_n:hetero:axial_mean:all_200:mean,-0.6526275982195813,2.1794797976824114,-0.1558356377128323,-0.20676257503122022
stage2p:h_to_n:hetero:axial_mean:bottom_100:mean,-0.7331665569557682,2.429276438773222,-0.18273639891704627,-0.2657505236002711
stage2p:h_to_n:hetero:axial_mean:top_100:mean,-0.5720886394833947,2.175207001065375,-0.10590404937237907,-0.11754661726247653
stage2p:h_to_n:hetero:axial_q90:all_200:mean,-0.31600151498881657,2.5042042449318873,-0.18877727160851887,-0.14479406080530338
stage2p:h_to_n:hetero:axial_q90:bottom_100:mean,-0.4236868770347774,2.6972072080385896,-0.1858512238985868,-0.2021130649783334
stage2p:h_to_n:hetero:axial_q90:top_100:mean,-0.20831615294285571,2.5303075703088447,-0.11137859024902612,-0.07115616687611784
stage2p:h_to_n:hetero:corridor_fraction:all_200:mean,0.14522916666666666,0.2807296413106687,-0.0896864084473471,-0.28433844196624075
stage2p:h_to_n:hetero:corridor_fraction:bottom_100:mean,0.13574999999999998,0.28092010281691604,-0.0970372471612058,-0.327345178603432
stage2p:h_to_n:hetero:corridor_fraction:top_100:mean,0.15470833333333336,0.3012296299014351,-0.11284657152671647,-0.22470105759610726
stage2p:hydrogen:all_heavy:angular_even_norm:all_200:mean,0.23741183920969525,0.050427102096850474,0.21567562024522294,0.1333710886972457
stage2p:hydrogen:all_heavy:angular_even_norm:bottom_100:mean,0.24401952499189186,0.0647465805848149,0.3169706736646293,0.2966705137646745
stage2p:hydrogen:all_heavy:angular_even_norm:top_100:mean,0.23080415342749863,0.067221372200016,0.030501484486884424,-0.08564785462075622
stage2p:hydrogen:all_heavy:angular_odd_norm:all_200:mean,0.2367080295523313,0.10915929981108767,-0.23638650477335435,-0.318298446101125
stage2p:hydrogen:all_heavy:angular_odd_norm:bottom_100:mean,0.19122070495411264,0.12019903133467122,-0.4738085537731152,-0.3641954541533302
stage2p:hydrogen:all_heavy:angular_odd_norm:top_100:mean,0.28219535415055,0.19521965346623602,-0.004518738442501397,-0.13172101144743878
stage2p:hydrogen:all_heavy:mass:all_200:mean,1.0,0.0,0.0,0.0
stage2p:hydrogen:all_heavy:mass:bottom_100:mean,1.0,0.0,0.0,0.0
stage2p:hydrogen:all_heavy:mass:top_100:mean,1.0,0.0,0.0,0.0
stage2p:hydrogen:all_heavy:near_response:all_200:mean,0.272462366022285,0.03498780202038664,-0.3293030639972893,-0.3289381591106214
stage2p:hydrogen:all_heavy:near_response:bottom_100:mean,0.2668723849572921,0.035314454469133255,-0.17801946655771128,-0.26692215126219054
stage2p:hydrogen:all_heavy:near_response:top_100:mean,0.2780523470872779,0.04064295279125949,-0.35698033695761033,-0.3344106489525761
stage2p:hydrogen:all_heavy:radial_mean:all_200:mean,3.6428900112697717,0.27950170155232307,0.3054855467899382,0.3050048289772787
stage2p:hydrogen:all_heavy:radial_mean:bottom_100:mean,3.675346129634444,0.28557884419253277,0.20324908952834408,0.27652059378882665
stage2p:hydrogen:all_heavy:radial_mean:top_100:mean,3.6104338929050996,0.3013259747231109,0.3445538062407315,0.3037584326280229
stage2p:hydrogen:all_heavy:radial_q90:all_200:mean,5.241020148635872,0.6099593425489716,0.09997708804034341,0.19401455894685316
stage2p:hydrogen:all_heavy:radial_q90:bottom_100:mean,5.29113004162477,0.6565975033695783,0.09065719000268427,0.19306147972365467
stage2p:hydrogen:all_heavy:radial_q90:top_100:mean,5.1909102556469735,0.6141301784131044,0.31810035827525457,0.17898208542843522
stage2p:hydrogen:aromatic:angular_even_norm:all_200:mean,0.31041980201793684,0.07201657607099032,-0.22499551828288206,-0.13716524155549153
stage2p:hydrogen:aromatic:angular_even_norm:bottom_100:mean,0.3214035828269166,0.09287936238397017,0.09075133038690306,0.041824866619444144
stage2p:hydrogen:aromatic:angular_even_norm:top_100:mean,0.29943602120895696,0.09610305667048782,-0.22527793943553842,-0.24599643203879598
stage2p:hydrogen:aromatic:angular_odd_norm:all_200:mean,0.30204153100863623,0.19263741005925433,-0.361404935015893,-0.33264355605190443
stage2p:hydrogen:aromatic:angular_odd_norm:bottom_100:mean,0.23204154358625678,0.20414414915610465,-0.41064035596231446,-0.27116747659392654
stage2p:hydrogen:aromatic:angular_odd_norm:top_100:mean,0.3720415184310156,0.2631332935781438,-0.1676640242936456,-0.2766732078766125
stage2p:hydrogen:aromatic:mass:all_200:mean,0.7259781966399614,0.14090227686599083,0.3532650795856874,0.20071675462241587
stage2p:hydrogen:aromatic:mass:bottom_100:mean,0.7259781966399613,0.14090227686599077,0.3532650795856874,0.20071675462241556
stage2p:hydrogen:aromatic:mass:top_100:mean,0.7259781966399613,0.14090227686599077,0.3532650795856874,0.20071675462241556
stage2p:hydrogen:aromatic:near_response:all_200:mean,0.22212091623212657,0.03417948336737039,0.36196977732120567,0.31492588624591794
stage2p:hydrogen:aromatic:near_response:bottom_100:mean,0.21870179169166812,0.04766885340721616,0.2945652622205598,0.2698843891690541
stage2p:hydrogen:aromatic:near_response:top_100:mean,0.22554004077258502,0.03136797115280587,0.2217006048352248,0.2761711541813519
stage2p:hydrogen:aromatic:radial_mean:all_200:mean,3.9314680047330155,0.25032690035125343,-0.33269211782916536,-0.24933562660301517
stage2p:hydrogen:aromatic:radial_mean:bottom_100:mean,3.9583801478038616,0.33716346343615516,-0.26914735848148946,-0.22119548516831875
stage2p:hydrogen:aromatic:radial_mean:top_100:mean,3.904555861662169,0.23692370033088261,-0.23855173361038629,-0.21210116659231987
stage2p:hydrogen:aromatic:radial_q90:all_200:mean,5.060997414862813,0.4397721276578891,-0.25850949506476745,-0.062380598795822986
stage2p:hydrogen:aromatic:radial_q90:bottom_100:mean,5.089426027979852,0.508188914312543,-0.16069763586145594,-0.05798498809521167
stage2p:hydrogen:aromatic:radial_q90:top_100:mean,5.032568801745773,0.4439681414964583,-0.21934709522975535,-0.057209440933940384
stage2p:hydrogen:carbon:angular_even_norm:all_200:mean,0.24260640563990962,0.04943295908079357,0.1297254494534776,0.03747115174232713
stage2p:hydrogen:carbon:angular_even_norm:bottom_100:mean,0.25156170185788546,0.06686548794916257,0.1528839839712973,0.13275718345415596
stage2p:hydrogen:carbon:angular_even_norm:top_100:mean,0.2336511094219338,0.0605268136347476,0.07220567469580357,-0.08545392889924056
stage2p:hydrogen:carbon:angular_odd_norm:all_200:mean,0.23127099320988015,0.11297380083510265,-0.24909545664288948,-0.325738207415095
stage2p:hydrogen:carbon:angular_odd_norm:bottom_100:mean,0.18120830721733014,0.12181604410210982,-0.4482023692656073,-0.38139619848965844
stage2p:hydrogen:carbon:angular_odd_norm:top_100:mean,0.28133367920243013,0.20173959003598715,0.009319898037659131,-0.13452783659051787
stage2p:hydrogen:carbon:mass:all_200:mean,0.9164251598075129,0.06210969483967598,0.004185592999828068,-0.06774213865964741
stage2p:hydrogen:carbon:mass:bottom_100:mean,0.9164251598075129,0.06210969483967601,0.004185592999828068,-0.06774213865964818
stage2p:hydrogen:carbon:mass:top_100:mean,0.9164251598075129,0.06210969483967601,0.004185592999828068,-0.06774213865964818
stage2p:hydrogen:carbon:near_response:all_200:mean,0.2785473085068206,0.029743137560685418,-0.05573110745751723,-0.07638894952888746
stage2p:hydrogen:carbon:near_response:bottom_100:mean,0.27500683916364244,0.03318254294154808,0.07465332468549184,0.025512920547263684
stage2p:hydrogen:carbon:near_response:top_100:mean,0.2820877778499988,0.03151560799911255,-0.2843039603407129,-0.1710478709369522
stage2p:hydrogen:carbon:radial_mean:all_200:mean,3.5637635590819166,0.22483061894026982,0.07201739392736602,0.10772098453149911
stage2p:hydrogen:carbon:radial_mean:bottom_100:mean,3.5904181644010125,0.248360569142369,-0.019487059533287273,0.04932894142514382
stage2p:hydrogen:carbon:radial_mean:top_100:mean,3.5371089537628206,0.23497585242039143,0.26105128543867445,0.154001302303456
stage2p:hydrogen:carbon:radial_q90:all_200:mean,5.066080950148193,0.42023175147255565,0.0007531230737502328,0.041293853192652726
stage2p:hydrogen:carbon:radial_q90:bottom_100:mean,5.110952140261533,0.4826444021749556,-0.08651501309705799,0.05042835921822932
stage2p:hydrogen:carbon:radial_q90:top_100:mean,5.0212097600348535,0.42629240984340594,0.16587535699348877,0.024319014313813843
stage2p:hydrogen:halogen:angular_even_norm:all_200:mean,0.06573490236689458,0.14371549875343287,0.16886271133635772,0.2526848800715411
stage2p:hydrogen:halogen:angular_even_norm:bottom_100:mean,0.06977123231545843,0.15358051573683265,0.16886271133635772,0.2512363865990033
stage2p:hydrogen:halogen:angular_even_norm:top_100:mean,0.061698572418330724,0.13482645291893708,0.16900485166576543,0.25250574031344925
stage2p:hydrogen:halogen:angular_odd_norm:all_200:mean,0.1132231175347019,0.246703292102835,0.1772489907714125,0.25503979256483283
stage2p:hydrogen:halogen:angular_odd_norm:bottom_100:mean,0.11779415715673172,0.2567375248480091,0.17014197430102707,0.25448245284922505
stage2p:hydrogen:halogen:angular_odd_norm:top_100:mean,0.10865207791267215,0.23819681052421704,0.18591955086528272,0.25400473537417645
stage2p:hydrogen:halogen:mass:all_200:mean,0.016666666666666663,0.04082482904638629,0.1881192036901788,0.21635108865775643
stage2p:hydrogen:halogen:mass:bottom_100:mean,0.01666666666666667,0.04082482904638631,0.1881192036901788,0.21635108865775635
stage2p:hydrogen:halogen:mass:top_100:mean,0.01666666666666667,0.04082482904638631,0.1881192036901788,0.21635108865775635
stage2p:hydrogen:halogen:near_response:all_200:mean,0.00021592032854342446,0.0010428717378731726,0.18392958625357478,0.11786062656096327
stage2p:hydrogen:halogen:near_response:bottom_100:mean,2.2786667888265393e-05,9.101373748083816e-05,0.18890449778284457,0.1538241860294046
stage2p:hydrogen:halogen:near_response:top_100:mean,0.0004090539891985834,0.002000916545255668,0.18392958625357478,0.11586036377234303
stage2p:hydrogen:halogen:radial_mean:all_200:mean,1.086902648989858,2.3720421904551756,0.18663025251232127,0.25513767432837237
stage2p:hydrogen:halogen:radial_mean:bottom_100:mean,1.105417629745626,2.4073459107793935,0.18165534098305147,0.2554364179428771
stage2p:hydrogen:halogen:radial_mean:top_100:mean,1.0683876682340898,2.339736246077141,0.18663025251232127,0.2545034042031374
stage2p:hydrogen:halogen:radial_q90:all_200:mean,1.097461231178513,2.398420101236207,0.18663025251232127,0.25402960021474635
stage2p:hydrogen:halogen:radial_q90:bottom_100:mean,1.1157138273262106,2.4325385467087193,0.18165534098305147,0.2545278306093369
stage2p:hydrogen:halogen:radial_q90:top_100:mean,1.0792086350308157,2.367315858176565,0.18663025251232127,0.2531941978466762
stage2p:hydrogen:hetero:angular_even_norm:all_200:mean,0.33640895933590437,0.17320417117078277,0.02926047709932042,0.16231558374638666
stage2p:hydrogen:hetero:angular_even_norm:bottom_100:mean,0.33399417327358527,0.17550896100206576,0.21539486690532003,0.30959366386390214
stage2p:hydrogen:hetero:angular_even_norm:top_100:mean,0.33882374539822335,0.1891667286390292,-0.058804120106053626,0.009996525487426272
stage2p:hydrogen:hetero:angular_odd_norm:all_200:mean,0.535016545508233,0.2658016195070464,0.10156217212538314,0.17121467507004054
stage2p:hydrogen:hetero:angular_odd_norm:bottom_100:mean,0.5397085171520142,0.2673255566368354,0.16593522174388808,0.2247696618734398
stage2p:hydrogen:hetero:angular_odd_norm:top_100:mean,0.5303245738644516,0.2805376206319929,0.04407949292058915,0.11025829900783347
stage2p:hydrogen:hetero:mass:all_200:mean,0.08357484019248725,0.06210969483967601,-0.004185592999828068,0.06774213865964786
stage2p:hydrogen:hetero:mass:bottom_100:mean,0.08357484019248725,0.06210969483967601,-0.004185592999828068,0.06774213865964789
stage2p:hydrogen:hetero:mass:top_100:mean,0.08357484019248725,0.06210969483967601,-0.004185592999828068,0.06774213865964789
stage2p:hydrogen:hetero:near_response:all_200:mean,0.15337750601761765,0.17607027218189544,-0.11864651520595408,-0.4667328069248478
stage2p:hydrogen:hetero:near_response:bottom_100:mean,0.1309025192520688,0.18305470422245837,-0.12270522654553728,-0.5175281727284693
stage2p:hydrogen:hetero:near_response:top_100:mean,0.17585249278316648,0.20470484859736254,-0.053707133772623615,-0.3400973577049591
stage2p:hydrogen:hetero:radial_mean:all_200:mean,3.7693686949481617,2.135784658626065,0.4524047314098154,0.4515329137296039
stage2p:hydrogen:hetero:radial_mean:bottom_100:mean,3.8607333863536697,2.175635239089412,0.44947868369988336,0.46590822524753595
stage2p:hydrogen:hetero:radial_mean:top_100:mean,3.6780040035426538,2.1362863053715597,0.39709299082851934,0.42836383151719926
stage2p:hydrogen:hetero:radial_q90:all_200:mean,3.9059189254885767,2.2032117079657376,0.40011342717425574,0.4503956283867413
stage2p:hydrogen:hetero:radial_q90:bottom_100:mean,3.987974649734544,2.23222647345428,0.41332783618685204,0.4547541794726912
stage2p:hydrogen:hetero:radial_q90:top_100:mean,3.8238632012426095,2.2183512179060627,0.38425613635914013,0.43704509781761847
stage2p:hydrogen:reactive_h:angular_even_norm:all_200:mean,0.625,0.0,0.0,0.0
stage2p:hydrogen:reactive_h:angular_even_norm:bottom_100:mean,0.625,0.0,0.0,0.0
stage2p:hydrogen:reactive_h:angular_even_norm:top_100:mean,0.625,0.0,0.0,0.0
stage2p:hydrogen:reactive_h:angular_odd_norm:all_200:mean,0.0,0.0,0.0,0.0
stage2p:hydrogen:reactive_h:angular_odd_norm:bottom_100:mean,0.0,0.0,0.0,0.0
stage2p:hydrogen:reactive_h:angular_odd_norm:top_100:mean,0.0,0.0,0.0,0.0
stage2p:hydrogen:reactive_h:mass:all_200:mean,0.06818854960399078,0.01038766978083967,-0.4453563340165538,-0.47015298631763214
stage2p:hydrogen:reactive_h:mass:bottom_100:mean,0.06818854960399076,0.010387669780839676,-0.4453563340165538,-0.4701529863176323
stage2p:hydrogen:reactive_h:mass:top_100:mean,0.06818854960399076,0.010387669780839676,-0.4453563340165538,-0.4701529863176323
stage2p:hydrogen:reactive_h:near_response:all_200:mean,0.1258877117915045,0.0,0.0,0.0
stage2p:hydrogen:reactive_h:near_response:bottom_100:mean,0.1258877117915045,0.0,0.0,0.0
stage2p:hydrogen:reactive_h:near_response:top_100:mean,0.1258877117915045,0.0,0.0,0.0
stage2p:hydrogen:reactive_h:radial_mean:all_200:mean,0.0,0.0,0.0,0.0
stage2p:hydrogen:reactive_h:radial_mean:bottom_100:mean,0.0,0.0,0.0,0.0
stage2p:hydrogen:reactive_h:radial_mean:top_100:mean,0.0,0.0,0.0,0.0
stage2p:hydrogen:reactive_h:radial_q90:all_200:mean,0.0,0.0,0.0,0.0
stage2p:hydrogen:reactive_h:radial_q90:bottom_100:mean,0.0,0.0,0.0,0.0
stage2p:hydrogen:reactive_h:radial_q90:top_100:mean,0.0,0.0,0.0,0.0
stage2p:n_to_h:all_heavy:axial_mean:all_200:mean,3.134691709259559,0.8320358088477334,0.30134336988431193,0.27002010520365
stage2p:n_to_h:all_heavy:axial_mean:bottom_100:mean,3.3126093545147297,1.109509141310939,0.45582774038732843,0.3310569299153522
stage2p:n_to_h:all_heavy:axial_mean:top_100:mean,2.956774064004388,0.7857255043046788,0.14083401479129354,0.10439027725554703
stage2p:n_to_h:all_heavy:axial_q90:all_200:mean,5.7426981822739815,1.039048212069457,0.45036759810263916,0.4101094515989823
stage2p:n_to_h:all_heavy:axial_q90:bottom_100:mean,6.180860798477494,1.6716121050104369,0.562582936091424,0.42855995098216537
stage2p:n_to_h:all_heavy:axial_q90:top_100:mean,5.30453556607047,1.0828092213702571,0.07860722082268055,0.12547084048381302
stage2p:n_to_h:all_heavy:corridor_fraction:all_200:mean,0.27171356968195204,0.10933581771437141,-0.20927608944102946,-0.20257500858793281
stage2p:n_to_h:all_heavy:corridor_fraction:bottom_100:mean,0.26050861120089064,0.10600230694812468,-0.2879497442459523,-0.2605727682271103
stage2p:n_to_h:all_heavy:corridor_fraction:top_100:mean,0.28291852816301344,0.1413147858835276,-0.03117766548898858,-0.11800671642899925
stage2p:n_to_h:hetero:axial_mean:all_200:mean,3.592153805040155,2.422388472617667,0.35593954561786234,0.3318326481892121
stage2p:n_to_h:hetero:axial_mean:bottom_100:mean,3.6281187906052907,2.7320959949043266,0.3761387136799738,0.37598851729425947
stage2p:n_to_h:hetero:axial_mean:top_100:mean,3.5561888194750204,2.3122864320026992,0.3123319958762944,0.2510149406062606
stage2p:n_to_h:hetero:axial_q90:all_200:mean,3.9488171349127947,2.534923008574117,0.36065897740807534,0.34944728291556887
stage2p:n_to_h:hetero:axial_q90:bottom_100:mean,3.9573342927386124,2.8465134184741614,0.35792170696975173,0.39548259197956454
stage2p:n_to_h:hetero:axial_q90:top_100:mean,3.9402999770869775,2.432993840236451,0.3251688503456737,0.26547433041886603
stage2p:n_to_h:hetero:corridor_fraction:all_200:mean,0.14522916666666666,0.2807296413106687,-0.0896864084473471,-0.28433844196624075
stage2p:n_to_h:hetero:corridor_fraction:bottom_100:mean,0.13574999999999998,0.28092010281691604,-0.0970372471612058,-0.327345178603432
stage2p:n_to_h:hetero:corridor_fraction:top_100:mean,0.15470833333333336,0.3012296299014351,-0.11284657152671647,-0.22470105759610726
stage2p:nitrene:all_heavy:angular_even_norm:all_200:mean,0.2977245496947029,0.17134206699332616,-0.0016003865317192449,0.11357305703616903
stage2p:nitrene:all_heavy:angular_even_norm:bottom_100:mean,0.31688759365257546,0.20319847245557032,0.21002719719209617,0.24127973947989137
stage2p:nitrene:all_heavy:angular_even_norm:top_100:mean,0.2785615057368304,0.1842702286691166,-0.1765132204102108,-0.05485416648766397
stage2p:nitrene:all_heavy:angular_odd_norm:all_200:mean,0.6417494511477709,0.14374658083372463,0.10430754571440724,0.08846501549297264
stage2p:nitrene:all_heavy:angular_odd_norm:bottom_100:mean,0.6532045544127303,0.168640435204531,0.14921250898676489,0.18944345099263987
stage2p:nitrene:all_heavy:angular_odd_norm:top_100:mean,0.6302943478828116,0.15211347585223237,-0.027865553728758614,-0.042828151710510486
stage2p:nitrene:all_heavy:mass:all_200:mean,1.0,0.0,0.0,0.0
stage2p:nitrene:all_heavy:mass:bottom_100:mean,1.0,0.0,0.0,0.0
stage2p:nitrene:all_heavy:mass:top_100:mean,1.0,0.0,0.0,0.0
stage2p:nitrene:all_heavy:near_response:all_200:mean,0.1965877407257008,0.03788715304327795,-0.2594508989069552,-0.3798778185636189
stage2p:nitrene:all_heavy:near_response:bottom_100:mean,0.1943589651347267,0.03788439810953085,-0.3908708752763708,-0.40476283414202036
stage2p:nitrene:all_heavy:near_response:top_100:mean,0.19881651631667485,0.04364456230342227,-0.17538353579958546,-0.30818917731934237
stage2p:nitrene:all_heavy:radial_mean:all_200:mean,4.576325508762132,0.5541235572720072,0.39576617525574737,0.3948956749270154
stage2p:nitrene:all_heavy:radial_mean:bottom_100:mean,4.737068353423689,0.7176187763813372,0.4689132537937387,0.411470139034094
stage2p:nitrene:all_heavy:radial_mean:top_100:mean,4.415582664100573,0.5294357985922238,0.23638650477335435,0.2688962381675298
stage2p:nitrene:all_heavy:radial_q90:all_200:mean,6.887905052738181,1.0600466404841322,0.42400829052138106,0.41490292772325393
stage2p:nitrene:all_heavy:radial_q90:bottom_100:mean,7.341714764706504,1.407047096291633,0.48821203255858847,0.42258178659471757
stage2p:nitrene:all_heavy:radial_q90:top_100:mean,6.434095340769856,1.1457394457261436,0.15373124742926628,0.24878294503132173
stage2p:nitrene:aromatic:angular_even_norm:all_200:mean,0.28657267578949597,0.20214921944837458,-0.23177362594663414,-0.0041377579674249055
stage2p:nitrene:aromatic:angular_even_norm:bottom_100:mean,0.2997847138381359,0.2344894215475208,-0.11861688411566167,0.13677232980775408
stage2p:nitrene:aromatic:angular_even_norm:top_100:mean,0.27336063774085606,0.22825803911503087,-0.37910332724902346,-0.14783511554694406
stage2p:nitrene:aromatic:angular_odd_norm:all_200:mean,0.5807597530062582,0.19400643056095937,0.1460117359233264,0.13211471589449328
stage2p:nitrene:aromatic:angular_odd_norm:bottom_100:mean,0.5960423323519929,0.2135471081608525,0.2258427817408511,0.1964755824672389
stage2p:nitrene:aromatic:angular_odd_norm:top_100:mean,0.5654771736605235,0.22144414704656226,0.05563696707329845,0.04202150553329893
stage2p:nitrene:aromatic:mass:all_200:mean,0.7259781966399614,0.14090227686599083,0.3532650795856874,0.20071675462241587
stage2p:nitrene:aromatic:mass:bottom_100:mean,0.7259781966399613,0.14090227686599077,0.3532650795856874,0.20071675462241556
stage2p:nitrene:aromatic:mass:top_100:mean,0.7259781966399613,0.14090227686599077,0.3532650795856874,0.20071675462241556
stage2p:nitrene:aromatic:near_response:all_200:mean,0.1834300606801101,0.0843904161909875,-0.06853419971127118,-0.13582009416761157
stage2p:nitrene:aromatic:near_response:bottom_100:mean,0.17817927572640674,0.08485970196422045,0.010826144185159597,-0.12692282163551408
stage2p:nitrene:aromatic:near_response:top_100:mean,0.18868084563381346,0.08781196219462645,-0.0643920228056449,-0.13840022962274484
stage2p:nitrene:aromatic:radial_mean:all_200:mean,4.6137502985131436,0.8424821589425208,0.11786376104191143,0.16403384248993141
stage2p:nitrene:aromatic:radial_mean:bottom_100:mean,4.817178577581831,1.0426509564135873,0.19261122611162207,0.20204048775984004
stage2p:nitrene:aromatic:radial_mean:top_100:mean,4.410322019444455,0.8383735411796934,0.05092994786235949,0.07840593780136444
stage2p:nitrene:aromatic:radial_q90:all_200:mean,6.622157617166666,1.2189171761676352,0.403579827145906,0.3299648477923557
stage2p:nitrene:aromatic:radial_q90:bottom_100:mean,7.080241874356437,1.589942283540506,0.39746070217168533,0.33410133364438344
stage2p:nitrene:aromatic:radial_q90:top_100:mean,6.164073359976894,1.2736268104324944,0.19750652609099859,0.21450381024095475
stage2p:nitrene:carbon:angular_even_norm:all_200:mean,0.29525222643833027,0.18181523109289346,0.05996742474736229,0.13357538519302803
stage2p:nitrene:carbon:angular_even_norm:bottom_100:mean,0.3182895187477402,0.22002923015330528,0.24683608742163882,0.23461989877005532
stage2p:nitrene:carbon:angular_even_norm:top_100:mean,0.2722149341289205,0.18962343046427949,-0.10025950919299975,-0.016090609916537407
stage2p:nitrene:carbon:angular_odd_norm:all_200:mean,0.6385469686464044,0.1495901915853963,0.15382538781348506,0.1022351121542956
stage2p:nitrene:carbon:angular_odd_norm:bottom_100:mean,0.6533219311589387,0.17572173901104238,0.16954683197802117,0.1912829377176278
stage2p:nitrene:carbon:angular_odd_norm:top_100:mean,0.6237720061338698,0.15570933193288491,-0.019487059533287273,-0.019432556761309297
stage2p:nitrene:carbon:mass:all_200:mean,0.9164251598075129,0.06210969483967598,0.004185592999828068,-0.06774213865964741
stage2p:nitrene:carbon:mass:bottom_100:mean,0.9164251598075129,0.06210969483967601,0.004185592999828068,-0.06774213865964818
stage2p:nitrene:carbon:mass:top_100:mean,0.9164251598075129,0.06210969483967601,0.004185592999828068,-0.06774213865964818
stage2p:nitrene:carbon:near_response:all_200:mean,0.20037687380295263,0.04624811324840587,-0.21576976062944173,-0.19252158785703247
stage2p:nitrene:carbon:near_response:bottom_100:mean,0.19694462971561344,0.047368985904725214,-0.2716891488553965,-0.19250583520676853
stage2p:nitrene:carbon:near_response:top_100:mean,0.20380911789029182,0.05002793999580617,-0.10628449378300163,-0.17367723320591447
stage2p:nitrene:carbon:radial_mean:all_200:mean,4.499083590630285,0.5886858358245888,0.26058058351758057,0.2578718202377691
stage2p:nitrene:carbon:radial_mean:bottom_100:mean,4.673741134810936,0.7885203841872066,0.3422944370194808,0.2776805952086808
stage2p:nitrene:carbon:radial_mean:top_100:mean,4.324426046449633,0.530180376541813,0.13443246866441655,0.1596705012008322
stage2p:nitrene:carbon:radial_q90:all_200:mean,6.701914866812558,0.9851959265619404,0.3721369388168338,0.32130632397945835
stage2p:nitrene:carbon:radial_q90:bottom_100:mean,7.1675303909119155,1.3939336164293157,0.39416578872402813,0.33668145261547505
stage2p:nitrene:carbon:radial_q90:top_100:mean,6.2362993427132025,1.062633087485155,0.1090145649253462,0.1541338870644102
stage2p:nitrene:halogen:angular_even_norm:all_200:mean,0.08694278533378574,0.19098705399745813,0.19729077721789942,0.26329623751941167
stage2p:nitrene:halogen:angular_even_norm:bottom_100:mean,0.091035837927365,0.20051893517939917,0.18862021712402918,0.26039068898099377
stage2p:nitrene:halogen:angular_even_norm:top_100:mean,0.0828497327402065,0.1826187563206414,0.20397137270006171,0.26480895365910395
stage2p:nitrene:halogen:angular_odd_norm:all_200:mean,0.11662760258177415,0.2686266935322818,0.17483260517148144,0.24374897935681342
stage2p:nitrene:halogen:angular_odd_norm:bottom_100:mean,0.1226716003425434,0.283081837852364,0.17483260517148144,0.24430199481612241
stage2p:nitrene:halogen:angular_odd_norm:top_100:mean,0.11058360482100489,0.2553370862309525,0.18435600724179793,0.2420232328238284
stage2p:nitrene:halogen:mass:all_200:mean,0.016666666666666663,0.04082482904638629,0.1881192036901788,0.21635108865775643
stage2p:nitrene:halogen:mass:bottom_100:mean,0.01666666666666667,0.04082482904638631,0.1881192036901788,0.21635108865775635
stage2p:nitrene:halogen:mass:top_100:mean,0.01666666666666667,0.04082482904638631,0.1881192036901788,0.21635108865775635
stage2p:nitrene:halogen:near_response:all_200:mean,0.00010256181901936347,0.0005171045956266546,0.18094463933601296,0.07006717037835639
stage2p:nitrene:halogen:near_response:bottom_100:mean,0.00010276293969363815,0.000519015736260923,0.1822239023006823,0.06982864292110176
stage2p:nitrene:halogen:near_response:top_100:mean,0.00010236069834508884,0.0005151946313620388,0.18094463933601296,0.07030730696251583
stage2p:nitrene:halogen:radial_mean:all_200:mean,1.2911603145941277,2.852519663078648,0.19430583030033755,0.2579344160838594
stage2p:nitrene:halogen:radial_mean:bottom_100:mean,1.3368449147549264,2.956434473651012,0.19302656733566817,0.25732031909857744
stage2p:nitrene:halogen:radial_mean:top_100:mean,1.2454757144333297,2.7569923900941347,0.19430583030033755,0.2578082288974527
stage2p:nitrene:halogen:radial_q90:all_200:mean,1.3080820262579416,2.8863895419776915,0.1887623574534369,0.25733191007357326
stage2p:nitrene:halogen:radial_q90:bottom_100:mean,1.3525154998232498,2.9857262817666994,0.18748309448876752,0.25685983505690824
stage2p:nitrene:halogen:radial_q90:top_100:mean,1.2636485526926333,2.795671479367471,0.1887623574534369,0.2570427581176053
stage2p:nitrene:hetero:angular_even_norm:all_200:mean,0.4487256397368088,0.2244430406576038,0.0881589858411783,0.09371315019441201
stage2p:nitrene:hetero:angular_even_norm:bottom_100:mean,0.4371642942473427,0.22431132090483696,0.17376947851564162,0.20408377139859632
stage2p:nitrene:hetero:angular_even_norm:top_100:mean,0.4602869852262749,0.2501160060020785,0.028977311191907645,-0.014840200107609298
stage2p:nitrene:hetero:angular_odd_norm:all_200:mean,0.6546185738888761,0.3265161182771075,0.07135780866802012,0.1195462691945443
stage2p:nitrene:hetero:angular_odd_norm:bottom_100:mean,0.6443075267418902,0.3342944472448917,0.19387425794194885,0.21217817114974785
stage2p:nitrene:hetero:angular_odd_norm:top_100:mean,0.6649296210358622,0.34685507103119967,0.010571527210077057,0.02057799841492435
stage2p:nitrene:hetero:mass:all_200:mean,0.08357484019248725,0.06210969483967601,-0.004185592999828068,0.06774213865964786
stage2p:nitrene:hetero:mass:bottom_100:mean,0.08357484019248725,0.06210969483967601,-0.004185592999828068,0.06774213865964789
stage2p:nitrene:hetero:mass:top_100:mean,0.08357484019248725,0.06210969483967601,-0.004185592999828068,0.06774213865964789
stage2p:nitrene:hetero:near_response:all_200:mean,0.08364024421325085,0.14231386035713123,-0.10665915845881316,-0.2783899692585307
stage2p:nitrene:hetero:near_response:bottom_100:mean,0.08998147970371259,0.1507891753695337,-0.11779701748371578,-0.3003414911934998
stage2p:nitrene:hetero:near_response:top_100:mean,0.07729900872278907,0.13878596087588013,-0.05408468831584066,-0.24461592814713434
stage2p:nitrene:hetero:radial_mean:all_200:mean,4.858695445246616,2.764188309152924,0.4373969383169382,0.4213875052204622
stage2p:nitrene:hetero:radial_mean:bottom_100:mean,4.94284781146207,2.9138147014234366,0.43550916560085307,0.44729455731455436
stage2p:nitrene:hetero:radial_mean:top_100:mean,4.774543079031161,2.671030637493372,0.4132334475510478,0.3842169983869183
stage2p:nitrene:hetero:radial_q90:all_200:mean,5.207073786944094,2.8266899693559813,0.4396622655762404,0.43062601016661534
stage2p:nitrene:hetero:radial_q90:bottom_100:mean,5.288110011591461,2.977498691111074,0.4255039702056015,0.45871263549966595
stage2p:nitrene:hetero:radial_q90:top_100:mean,5.126037562296728,2.738073498329128,0.4248432497549717,0.39030222374209295
stage2p:relation:hydrogen:all_heavy:angular_js_top_bottom,0.16998566939148957,0.11951715139353594,-0.09423452460299787,-0.2324947009927545
stage2p:relation:hydrogen:all_heavy:descriptor_energy_distance,0.3613460080203357,0.2587169519310139,-0.47192574608873966,-0.28682738333607605
stage2p:relation:hydrogen:all_heavy:radial_mean:wasserstein_top_bottom,0.11235859325618862,0.15672281205988167,-0.5029920728809367,-0.32648602858804365
stage2p:relation:hydrogen:all_heavy:radial_q90:wasserstein_top_bottom,0.22982399117430372,0.29707168172682585,-0.32233667556509965,-0.26473597461673753
stage2p:relation:hydrogen:all_heavy:uff_rank_spearman_radial_mean,0.18627109427735694,0.6774429849300702,-0.17679564156286717,0.014350223610881346
stage2p:relation:nitrene:all_heavy:angular_js_top_bottom,0.15301197124593896,0.057367194427931235,0.0005648423053126746,0.03511063411829195
stage2p:relation:nitrene:all_heavy:descriptor_energy_distance,0.7863873593753974,0.4898913379583515,0.14855352629723342,0.02040265513803474
stage2p:relation:nitrene:all_heavy:radial_mean:wasserstein_top_bottom,0.4946443790991541,0.4713412158811618,0.07455918430127305,0.01398977207803793
stage2p:relation:nitrene:all_heavy:radial_q90:wasserstein_top_bottom,1.2334690834429218,1.1820853418929183,0.11456884759425418,0.03824718127687805
stage2p:relation:nitrene:all_heavy:uff_rank_spearman_radial_mean,0.46041093527338184,0.5668666466366444,0.3363635928136977,0.39056506986286776
